ANMOIS;APT;APT_NOM;APT_ZON;APT_PEQ;APT_PAX_dep;APT_PAX_arr;APT_PAX_tr;APT_FRP_dep;APT_FRP_arr;APT_NMVT_mxt;APT_NMVT_cgo
199601;FMCZ;MAYOTTE-MARCEL HENRY;OM;5826;1908;2634;641;10,6;53,7;78;1
199601;FMEE;LA REUNION-ROLAND GARROS;OM;142246;60888;62488;4104;402,9;1073,7;1031;22
199601;LFBA;AGEN-LA GARENNE;MT;2487;1308;1179;0;0;0;167;0
199601;LFBD;BORDEAUX-MERIGNAC;MT;218971;97792;96174;8511;855;794,4;2948;189
199601;LFBE;BERGERAC-DORDOGNE-PERIGORD;MT;1440;750;690;0;0;0;154;0
199601;LFBH;LA ROCHELLE-ILE DE RE;MT;3012;1589;1423;0;0;0;228;0
199601;LFBI;POITIERS-BIARD;MT;9259;1463;1547;686;289,5;266,8;421;45
199601;LFBL;LIMOGES-BELLEGARDE;MT;12181;4910;4661;685;99,8;92,7;468;46
199601;LFBO;TOULOUSE-BLAGNAC;MT;374332;165447;163355;9051;1191,8;2456,1;4464;378
199601;LFBP;PAU-PYRENEES;MT;47708;22344;20969;1936;119,2;126,7;822;43
199601;LFBT;TARBES-LOURDES-PYRENEES;MT;6340;3333;2979;0;1,1;1,7;84;0
199601;LFBU;ANGOULEME-BRIE-CHAMPNIERS;MT;1150;615;535;0;0;0;103;0
199601;LFBV;BRIVE-LA-ROCHE;MT;3114;1618;1496;0;0;0;106;0
199601;LFBX;PERIGUEUX-BASSILLAC;MT;3549;1724;1825;0;0;0;218;0
199601;LFBZ;BIARRITZ-PAYS-BASQUE;MT;41813;21569;18959;262;40,6;61,7;526;0
199601;LFCK;CASTRES-MAZAMET;MT;3587;1849;1738;0;0;0;187;0
199601;LFCR;RODEZ-AVEYRON;MT;5961;3099;2713;142;0,8;0;296;0
199601;LFGJ;DOLE-TAVAUX;MT;2255;140;141;147;98,8;83,9;12;45
199601;LFJL;METZ-NANCY-LORRAINE;MT;18356;6055;6434;529;281,9;251,9;507;55
199601;LFKB;BASTIA-PORETTA;MT;48427;22191;19914;0;221;411,2;842;136
199601;LFKC;CALVI-STE-CATHERINE;MT;5256;3101;2108;0;0,6;4,2;198;0
199601;LFKF;FIGARI-SUD-CORSE;MT;7508;4386;3122;0;0;0;261;0
199601;LFKJ;AJACCIO-NAPOLEON-BONAPARTE;MT;43266;20616;17994;128;118,8;334,1;771;201
199601;LFLB;CHAMBERY-AIX-LES-BAINS;MT;15218;7623;7594;0;0,1;0;305;0
199601;LFLC;CLERMONT-FERRAND-AUVERGNE;MT;33821;15482;15030;1152;107,9;107,7;1044;44
199601;LFLL;LYON-ST-EXUPERY;MT;426315;190384;193934;11520;1443;1604,8;6085;593
199601;LFLP;ANNECY-MEYTHET;MT;5327;2929;2398;0;0;0;174;0
199601;LFLS;GRENOBLE-ALPES-ISERE;MT;34432;16841;17350;40;11,5;8,5;523;0
199601;LFLW;AURILLAC;MT;1032;560;472;0;0;0;95;0
199601;LFMH;ST-ETIENNE-LOIRE;MT;7402;3720;3611;45;1,1;1,6;286;0
199601;LFML;MARSEILLE-PROVENCE;MT;455795;192633;194008;16593;2443,4;2812,6;5598;610
199601;LFMN;"NICE-COTE D'AZUR";MT;416606;202977;189794;3784;1031,3;973,8;8761;181
199601;LFMP;PERPIGNAN-RIVESALTES;MT;28629;15091;13538;0;0;0;295;0
199601;LFMT;MONTPELLIER-MEDITERRANEE;MT;112505;52939;51552;158;325,6;460;1665;38
199601;LFMU;BEZIERS-VIAS;MT;4972;2569;2396;0;0,5;0,2;159;0
199601;LFMV;AVIGNON-CAUMONT;MT;10656;5123;4625;0;41,8;49,1;201;43
199601;LFOB;BEAUVAIS-TILLE;MT;3473;1443;1634;82;17,6;13,8;38;0
199601;LFOH;LE HAVRE-OCTEVILLE;MT;5315;2002;1789;1519;0,1;0,3;538;0
199601;LFOP;ROUEN-VALLEE DE SEINE;MT;3812;1913;1850;38;1,1;0;510;0
199601;LFOT;TOURS-VAL DE LOIRE;MT;4935;2454;2481;0;0;0;149;1
199601;LFPG;PARIS-CHARLES DE GAULLE;MT;2921906;1036276;1029346;27319;43292,8;39603,7;25490;1933
199601;LFPO;PARIS-ORLY;MT;2270335;973414;1046433;3752;13045,3;11628,4;20087;169
199601;LFQQ;LILLE-LESQUIN;MT;55419;26110;26066;2648;20,7;38,8;1445;4
199601;LFRB;BREST-BRETAGNE;MT;50040;24159;22468;1049;113,3;123,2;836;43
199601;LFRC;CHERBOURG-MAUPERTUS;MT;2115;1048;1062;0;0,3;0,1;166;0
199601;LFRD;DINARD-PLEURTUIT-ST-MALO;MT;2455;1291;1107;38;0,9;1;263;0
199601;LFRH;LORIENT-LANN-BIHOUE;MT;15124;7855;7184;0;1,9;6,6;180;0
199601;LFRK;CAEN-CARPIQUET;MT;3425;1566;1564;268;2,7;0;293;2
199601;LFRN;RENNES-ST-JACQUES;MT;25209;9408;8822;457;309;343,2;1202;83
199601;LFRO;LANNION;MT;3345;1742;1603;0;0;0;104;0
199601;LFRQ;QUIMPER-PLUGUFFAN;MT;11067;5485;5213;160;6,1;14,8;196;0
199601;LFRS;NANTES-ATLANTIQUE;MT;90425;39649;36801;6398;348,9;408,9;1819;126
199601;LFRT;ST-BRIEUC-ARMOR;MT;1153;583;567;3;0;0;115;0
199601;LFSB;BALE-MULHOUSE;MT;174054;71952;81571;2320;884,2;936,9;4899;361
199601;LFSD;DIJON-LONGVIC;MT;1112;568;505;39;0;0;142;0
199601;LFST;STRASBOURG-ENTZHEIM;MT;162837;73970;77577;744;624;430,6;2838;64
199601;LFTH;TOULON-HYERES;MT;45366;23234;20798;0;64,1;69,4;525;20
199601;LFTW;NIMES-GARONS;MT;26253;13412;12564;0;7,7;20;288;0
199601;LFVP;ST-PIERRE-POINTE BLANCHE;OM;2196;1006;970;0;2,5;19,4;194;0
199601;NLWW;WALLIS-HIHIFO;OM;2209;765;744;535;1,9;14,6;28;0
199601;NTAA;"TAHITI FAA'A";OM;86746;33621;41562;4788;163,3;514,2;2636;0
199601;NTAR;RURUTU;OM;1360;627;354;315;1,8;4,6;42;0
199601;NTAT;TUBUAI MATAURA;OM;1350;539;435;279;5,4;4,3;40;0
199601;NTGI;MANIHI;OM;1333;610;533;114;1,2;6,4;54;0
199601;NTGM;MAKEMO;OM;2759;1257;1312;136;0,4;5,1;76;0
199601;NTMD;NUKU HIVA;OM;1557;762;541;183;2,3;4,8;78;0
199601;NTTB;BORA BORA;OM;10598;4781;4214;1500;1,9;8,4;378;0
199601;NTTG;RANGIROA;OM;5484;2146;1866;1301;7,3;9,8;272;0
199601;NTTH;HUAHINE;OM;9924;3044;2275;4535;2,2;4,8;384;0
199601;NTTM;MOOREA;OM;12412;6063;5612;733;0,2;0,3;1499;0
199601;NTTO;HAO;OM;1694;547;652;430;2,3;4,3;84;0
199601;NTTP;MAUPITI;OM;1175;651;373;107;1;3,4;52;0
199601;NTTR;RAIATEA;OM;10075;4118;3662;2129;6,1;10,4;340;0
199601;NWWE;ILE DES PINS;OM;8185;4064;3903;0;3,5;18,3;276;0
199601;NWWL;LIFOU;OM;8647;4121;3703;541;4,4;23,8;294;0
199601;NWWM;NOUMEA MAGENTA;OM;23857;11227;11847;0;66;12,3;950;0
199601;NWWR;MARE;OM;4042;1844;1778;276;2,9;11,5;161;0
199601;NWWV;OUVEA;OM;3760;1670;1736;230;2,2;10,2;166;0
199601;NWWW;NOUMEA LA TONTOUTA;OM;34986;17291;13730;202;71;305,2;307;0
199601;SOCA;CAYENNE-FELIX EBOUE;OM;33646;11395;15732;1953;116,8;339,8;934;108
199601;SOOA;MARIPASOULA;OM;1148;467;463;0;20,2;1,5;136;46
199601;SOOG;"ST-GEORGES-DE-L'OYAPOCK";OM;1658;709;872;0;6,5;1,2;233;11
199601;TFFF;MARTINIQUE-AIME CESAIRE;OM;168829;73369;74378;9375;362,2;808,6;2605;211
199601;TFFG;ST-MARTIN-GRAND-CASE;OM;5482;2651;2478;3;13,1;21,9;675;89
199601;TFFJ;ST-BARTHELEMY;OM;17207;8577;7656;601;2,3;35;2855;57
199601;TFFM;MARIE-GALANTE;OM;1751;746;907;80;0,2;1,7;174;0
199601;TFFR;GUADELOUPE-MARYSE CONDE;OM;184740;78779;79678;14561;214,9;957,3;3032;161
199601;TFFS;LES SAINTES-TERRE-DE-HAUT;OM;1271;744;527;0;0;0;178;0
199601;ZZMT; AUTRES APT (MT);MT;8609;4837;3219;82;22,6;24,7;1630;30
199601;ZZOM; AUTRES APT (OM);OM;11833;5205;4052;1701;50,4;36,7;1272;46
199602;FMCZ;MAYOTTE-MARCEL HENRY;OM;4027;1796;1325;314;4,9;54,3;74;0
199602;FMEE;LA REUNION-ROLAND GARROS;OM;90909;29569;40001;4980;382;1253,9;627;26
199602;LFBA;AGEN-LA GARENNE;MT;2122;1063;1058;0;0,1;0;150;0
199602;LFBD;BORDEAUX-MERIGNAC;MT;209185;93193;92377;7111;895;755,4;2745;191
199602;LFBE;BERGERAC-DORDOGNE-PERIGORD;MT;1376;710;666;0;0;0;149;0
199602;LFBH;LA ROCHELLE-ILE DE RE;MT;2600;1320;1280;0;0;0;172;0
199602;LFBI;POITIERS-BIARD;MT;8960;1483;1455;660;263,7;272,5;307;45
199602;LFBL;LIMOGES-BELLEGARDE;MT;10438;3969;3918;770;90,9;87,2;436;42
199602;LFBO;TOULOUSE-BLAGNAC;MT;365203;165503;157364;9110;1048,2;2274,5;4243;355
199602;LFBP;PAU-PYRENEES;MT;46282;21063;21131;1891;115,4;104,2;800;42
199602;LFBT;TARBES-LOURDES-PYRENEES;MT;20301;9848;10392;6;3,2;2,2;266;0
199602;LFBU;ANGOULEME-BRIE-CHAMPNIERS;MT;1272;577;686;9;0;0;113;0
199602;LFBV;BRIVE-LA-ROCHE;MT;2948;1446;1467;35;0;0;104;0
199602;LFBX;PERIGUEUX-BASSILLAC;MT;3053;1559;1494;0;0;0;209;0
199602;LFBZ;BIARRITZ-PAYS-BASQUE;MT;35127;16735;17428;148;33,8;47,9;447;0
199602;LFCK;CASTRES-MAZAMET;MT;2868;1513;1306;49;0;0;164;0
199602;LFCR;RODEZ-AVEYRON;MT;5264;2595;2495;168;0,7;0;273;0
199602;LFGJ;DOLE-TAVAUX;MT;1788;11;40;0;93,1;80,6;11;41
199602;LFJL;METZ-NANCY-LORRAINE;MT;19856;6980;6499;605;292,4;284,9;516;62
199602;LFKB;BASTIA-PORETTA;MT;47329;20232;21488;0;191,7;369,2;802;127
199602;LFKC;CALVI-STE-CATHERINE;MT;4654;2193;2422;0;0;3,9;174;0
199602;LFKF;FIGARI-SUD-CORSE;MT;6587;3134;3452;1;0;0;214;0
199602;LFKJ;AJACCIO-NAPOLEON-BONAPARTE;MT;42518;18289;20126;0;90,3;320;689;198
199602;LFLB;CHAMBERY-AIX-LES-BAINS;MT;15460;7743;7708;9;0;0;340;0
199602;LFLC;CLERMONT-FERRAND-AUVERGNE;MT;33825;15334;15124;1224;87,3;127,1;1074;43
199602;LFLL;LYON-ST-EXUPERY;MT;423513;195328;183866;14569;1365,8;1609,3;5973;589
199602;LFLP;ANNECY-MEYTHET;MT;4980;2482;2498;0;0;0;167;0
199602;LFLS;GRENOBLE-ALPES-ISERE;MT;28623;14209;14250;33;9,2;4;374;0
199602;LFMH;ST-ETIENNE-LOIRE;MT;6355;3120;3187;28;1,3;0,8;251;0
199602;LFML;MARSEILLE-PROVENCE;MT;432790;187070;177594;16524;2381,2;2779;5161;642
199602;LFMN;"NICE-COTE D'AZUR";MT;440978;209127;210560;2979;1028,8;802,4;9184;182
199602;LFMP;PERPIGNAN-RIVESALTES;MT;24920;12567;12353;0;0;0;274;6
199602;LFMT;MONTPELLIER-MEDITERRANEE;MT;118804;56951;53881;86;334,8;453,9;1700;42
199602;LFMU;BEZIERS-VIAS;MT;4043;2062;1965;0;0,7;0,9;150;0
199602;LFMV;AVIGNON-CAUMONT;MT;9099;4584;4284;0;10,5;12,6;190;10
199602;LFOB;BEAUVAIS-TILLE;MT;3565;1616;1544;244;6,1;10;35;2
199602;LFOH;LE HAVRE-OCTEVILLE;MT;4971;1947;1668;1354;0;0,3;487;0
199602;LFOP;ROUEN-VALLEE DE SEINE;MT;4001;2045;1914;40;0,1;0;550;0
199602;LFPG;PARIS-CHARLES DE GAULLE;MT;2892154;1030581;981865;19376;45810,7;40222,5;23706;1904
199602;LFPO;PARIS-ORLY;MT;2187724;985556;950882;3642;13003,2;11761,3;19028;165
199602;LFQQ;LILLE-LESQUIN;MT;59489;28691;26823;3098;59;28,8;1433;8
199602;LFRB;BREST-BRETAGNE;MT;47471;22566;20773;2194;88,4;105,4;798;40
199602;LFRC;CHERBOURG-MAUPERTUS;MT;1879;938;934;0;0,5;0,2;152;0
199602;LFRD;DINARD-PLEURTUIT-ST-MALO;MT;2203;1115;1077;0;0,8;0,3;241;0
199602;LFRH;LORIENT-LANN-BIHOUE;MT;15828;8025;7666;0;1,6;12,1;185;0
199602;LFRK;CAEN-CARPIQUET;MT;3619;1794;1636;187;0,2;0;260;1
199602;LFRN;RENNES-ST-JACQUES;MT;23175;8773;8301;356;272;302,5;1103;76
199602;LFRO;LANNION;MT;3261;1678;1583;0;0;0;98;0
199602;LFRQ;QUIMPER-PLUGUFFAN;MT;11215;5240;5376;377;8;14,2;190;0
199602;LFRS;NANTES-ATLANTIQUE;MT;96312;42287;39212;7054;353,8;422,1;1842;125
199602;LFSB;BALE-MULHOUSE;MT;178388;79276;77578;2123;961,5;979,6;4629;331
199602;LFSD;DIJON-LONGVIC;MT;1259;587;647;15;1;0;161;0
199602;LFST;STRASBOURG-ENTZHEIM;MT;160438;75700;73681;861;634;385,6;2729;65
199602;LFTH;TOULON-HYERES;MT;46966;22791;22971;0;58,5;61,9;549;18
199602;LFTW;NIMES-GARONS;MT;23975;12161;11511;0;9,2;21,1;256;0
199602;LFVP;ST-PIERRE-POINTE BLANCHE;OM;2294;1120;984;0;3;16;192;0
199602;NLWW;WALLIS-HIHIFO;OM;2640;881;1131;420;2,3;18,5;65;0
199602;NTAA;"TAHITI FAA'A";OM;71993;30758;30887;4432;123,5;468;2344;0
199602;NTGI;MANIHI;OM;1110;425;483;130;1,3;5,9;48;0
199602;NTGM;MAKEMO;OM;2507;1266;1088;91;0,8;5,4;64;0
199602;NTMD;NUKU HIVA;OM;1211;482;485;149;3,4;6,1;79;0
199602;NTTB;BORA BORA;OM;9397;4174;4150;964;2,5;8,4;350;0
199602;NTTG;RANGIROA;OM;3865;1371;1370;977;5,7;9,1;224;0
199602;NTTH;HUAHINE;OM;8520;2356;2213;3880;2,6;4,5;366;0
199602;NTTM;MOOREA;OM;11693;5846;5314;525;0,2;0,6;1418;0
199602;NTTR;RAIATEA;OM;7870;2815;2907;1967;6,7;11,4;290;0
199602;NWWE;ILE DES PINS;OM;7303;3751;3357;0;4,5;15;250;0
199602;NWWL;LIFOU;OM;10365;5321;4178;587;3,9;24;348;0
199602;NWWM;NOUMEA MAGENTA;OM;25675;10957;13968;0;62,7;12,3;973;0
199602;NWWR;MARE;OM;5482;2873;2231;215;2,9;13,5;190;0
199602;NWWV;OUVEA;OM;4235;2390;1584;149;2;9,2;170;0
199602;NWWW;NOUMEA LA TONTOUTA;OM;31896;10620;17073;115;81,2;327,5;287;1
199602;SOCA;CAYENNE-FELIX EBOUE;OM;29954;11852;12380;1348;137,3;300;854;67
199602;SOOA;MARIPASOULA;OM;1062;434;452;0;17,1;0,5;136;35
199602;SOOG;"ST-GEORGES-DE-L'OYAPOCK";OM;1663;800;799;0;5,7;0,7;227;8
199602;TFFF;MARTINIQUE-AIME CESAIRE;OM;172169;71989;78141;8831;434,4;886,5;2310;228
199602;TFFG;ST-MARTIN-GRAND-CASE;OM;5614;2851;2451;0;9,5;21,7;648;65
199602;TFFJ;ST-BARTHELEMY;OM;17721;8323;8369;581;2,3;42,6;2593;51
199602;TFFM;MARIE-GALANTE;OM;1585;645;857;70;0,1;1,2;156;0
199602;TFFR;GUADELOUPE-MARYSE CONDE;OM;187265;79250;82967;12957;364,7;844,4;2879;181
199602;TFFS;LES SAINTES-TERRE-DE-HAUT;OM;1381;797;584;0;0;0;183;0
199602;ZZMT; AUTRES APT (MT);MT;12362;6468;5060;170;18,9;47,4;2015;37
199602;ZZOM; AUTRES APT (OM);OM;13032;4997;4747;2219;54,4;52,7;1315;28
199603;FMCZ;MAYOTTE-MARCEL HENRY;OM;3517;1388;1310;252;7,6;49,1;78;0
199603;FMEE;LA REUNION-ROLAND GARROS;OM;109227;46326;38291;5236;429,8;1507,6;763;26
199603;LFBA;AGEN-LA GARENNE;MT;2356;1197;1159;0;0;0;168;0
199603;LFBD;BORDEAUX-MERIGNAC;MT;251664;112653;114407;7737;840,1;846,5;3054;182
199603;LFBE;BERGERAC-DORDOGNE-PERIGORD;MT;1628;795;833;0;0;0;157;0
199603;LFBH;LA ROCHELLE-ILE DE RE;MT;2901;1438;1463;0;0;0;143;0
199603;LFBI;POITIERS-BIARD;MT;9101;1686;1600;830;243,6;254,9;341;43
199603;LFBL;LIMOGES-BELLEGARDE;MT;12526;4954;4912;685;100,6;96,8;459;44
199603;LFBO;TOULOUSE-BLAGNAC;MT;421238;182665;192265;11032;1047,6;2480,1;4661;377
199603;LFBP;PAU-PYRENEES;MT;57692;26513;26566;2326;114,4;114,4;938;43
199603;LFBT;TARBES-LOURDES-PYRENEES;MT;9027;4584;4409;0;0,7;2,7;122;0
199603;LFBU;ANGOULEME-BRIE-CHAMPNIERS;MT;1177;586;580;10;0;0,1;127;0
199603;LFBV;BRIVE-LA-ROCHE;MT;3214;1576;1638;0;0;0;106;0
199603;LFBX;PERIGUEUX-BASSILLAC;MT;4111;1816;2295;0;0;0;215;0
199603;LFBZ;BIARRITZ-PAYS-BASQUE;MT;44032;21381;21619;89;34,2;60,1;466;0
199603;LFCK;CASTRES-MAZAMET;MT;3313;1750;1563;0;0;0;176;0
199603;LFCR;RODEZ-AVEYRON;MT;6551;3120;3259;164;0,8;0;295;0
199603;LFEC;OUESSANT;MT;1037;947;0;0;9;0;185;0
199603;LFGJ;DOLE-TAVAUX;MT;2202;193;161;97;91,3;83,8;30;43
199603;LFJL;METZ-NANCY-LORRAINE;MT;23026;7628;7695;747;334,8;360,8;558;79
199603;LFKB;BASTIA-PORETTA;MT;51344;22751;22078;174;172,1;462;892;138
199603;LFKC;CALVI-STE-CATHERINE;MT;6767;3151;3558;0;0,3;5,6;204;0
199603;LFKF;FIGARI-SUD-CORSE;MT;7284;3657;3601;26;0;0;234;0
199603;LFKJ;AJACCIO-NAPOLEON-BONAPARTE;MT;45638;20511;21029;0;77,5;332,2;747;213
199603;LFLB;CHAMBERY-AIX-LES-BAINS;MT;18804;9755;9002;47;0;0;369;0
199603;LFLC;CLERMONT-FERRAND-AUVERGNE;MT;36807;16704;16884;1322;86,8;102,9;1112;43
199603;LFLL;LYON-ST-EXUPERY;MT;502543;218095;235924;17767;1476,2;1599,5;6580;606
199603;LFLP;ANNECY-MEYTHET;MT;5562;2777;2785;0;0;0;172;0
199603;LFLS;GRENOBLE-ALPES-ISERE;MT;35127;17291;17651;21;8,4;8;430;0
199603;LFLW;AURILLAC;MT;1081;537;544;0;0;0;87;0
199603;LFLY;LYON-BRON;MT;1016;504;509;1;0,2;0;287;0
199603;LFMH;ST-ETIENNE-LOIRE;MT;7478;3644;3751;46;1,2;2,4;324;0
199603;LFML;MARSEILLE-PROVENCE;MT;494645;199817;218510;22446;2524,1;2863,2;5591;651
199603;LFMN;"NICE-COTE D'AZUR";MT;506300;235648;246161;5159;1198,9;734,3;9721;176
199603;LFMP;PERPIGNAN-RIVESALTES;MT;40373;19931;20330;112;0;0;395;2
199603;LFMT;MONTPELLIER-MEDITERRANEE;MT;136004;61903;65961;92;346,1;458,8;1790;42
199603;LFMU;BEZIERS-VIAS;MT;4849;2431;2408;0;0,5;0,5;158;0
199603;LFMV;AVIGNON-CAUMONT;MT;10371;5200;5142;0;1,6;1,3;212;0
199603;LFOB;BEAUVAIS-TILLE;MT;2322;984;1050;83;18;2,5;28;0
199603;LFOH;LE HAVRE-OCTEVILLE;MT;5938;2278;1913;1745;0;0,2;519;0
199603;LFOP;ROUEN-VALLEE DE SEINE;MT;4759;2410;2286;53;1;0;590;0
199603;LFOT;TOURS-VAL DE LOIRE;MT;1327;662;664;1;0;0;102;0
199603;LFPG;PARIS-CHARLES DE GAULLE;MT;3586382;1263183;1313795;25119;52058;46370,5;26315;2017
199603;LFPO;PARIS-ORLY;MT;2678949;1170876;1195641;4248;15814,8;15003,6;20697;188
199603;LFQQ;LILLE-LESQUIN;MT;71277;32799;33693;3490;91,9;37,6;1529;14
199603;LFRB;BREST-BRETAGNE;MT;53103;23343;25541;1499;156,3;115,7;857;43
199603;LFRC;CHERBOURG-MAUPERTUS;MT;2363;1066;1128;157;1,1;0,1;193;0
199603;LFRD;DINARD-PLEURTUIT-ST-MALO;MT;2924;1366;1550;0;0,5;0,3;319;0
199603;LFRG;DEAUVILLE-NORMANDIE;MT;4047;2031;2007;9;0;0;61;0
199603;LFRH;LORIENT-LANN-BIHOUE;MT;17618;8605;8909;0;2;8,4;188;0
199603;LFRK;CAEN-CARPIQUET;MT;4628;2079;2331;204;1,1;0,4;317;5
199603;LFRN;RENNES-ST-JACQUES;MT;26661;9936;10245;374;277,4;333,2;1167;85
199603;LFRO;LANNION;MT;4014;1970;1987;57;0;0;120;0
199603;LFRQ;QUIMPER-PLUGUFFAN;MT;12735;5804;6267;440;8,3;14,1;210;0
199603;LFRS;NANTES-ATLANTIQUE;MT;121737;51209;54930;8352;337,1;387,5;2042;123
199603;LFRT;ST-BRIEUC-ARMOR;MT;1725;856;859;10;0;0;119;0
199603;LFSB;BALE-MULHOUSE;MT;195336;84653;88557;1583;1093,4;960,9;4856;329
199603;LFSD;DIJON-LONGVIC;MT;1921;905;990;26;0;0;203;0
199603;LFSG;EPINAL-MIRECOURT;MT;1334;668;526;140;0;0;190;0
199603;LFST;STRASBOURG-ENTZHEIM;MT;176629;81172;84031;1038;665,6;373,2;2896;66
199603;LFTH;TOULON-HYERES;MT;61925;30418;30364;0;68,8;45,5;670;22
199603;LFTW;NIMES-GARONS;MT;27588;13519;13709;0;7,9;28,1;272;0
199603;LFVP;ST-PIERRE-POINTE BLANCHE;OM;2253;987;1054;0;2,6;18,6;217;0
199603;NLWW;WALLIS-HIHIFO;OM;2659;861;812;782;3;17,4;84;0
199603;NTAA;"TAHITI FAA'A";OM;87789;38003;39081;4313;143,1;496,1;2799;0
199603;NTAR;RURUTU;OM;1203;431;374;333;2;4,5;34;0
199603;NTAT;TUBUAI MATAURA;OM;1471;642;606;161;1,9;4,3;46;0
199603;NTGI;MANIHI;OM;1482;610;647;142;0,8;7,4;49;0
199603;NTGM;MAKEMO;OM;2763;1294;1250;158;1,2;4,9;76;0
199603;NTMD;NUKU HIVA;OM;1716;757;684;196;2,9;5;81;0
199603;NTTB;BORA BORA;OM;12135;5320;5192;1513;2,4;8,7;424;0
199603;NTTE;TETIAROA;OM;1089;523;566;0;0;0;116;0
199603;NTTG;RANGIROA;OM;6014;2219;2090;1548;5;10,8;295;0
199603;NTTH;HUAHINE;OM;10459;2951;2869;4558;2,7;5,4;389;0
199603;NTTM;MOOREA;OM;14633;6953;6869;805;0,3;0,3;1677;0
199603;NTTO;HAO;OM;1949;716;702;440;2,7;6,4;107;0
199603;NTTP;MAUPITI;OM;1379;559;592;184;0,8;3,6;48;0
199603;NTTR;RAIATEA;OM;10627;4202;4157;2070;7;12,8;326;0
199603;NWWE;ILE DES PINS;OM;5521;2669;2695;0;5,1;10,6;238;0
199603;NWWL;LIFOU;OM;5706;2457;2591;379;5,6;22,4;254;0
199603;NWWM;NOUMEA MAGENTA;OM;17094;8376;7961;0;56,4;19,3;838;0
199603;NWWR;MARE;OM;3218;1405;1521;84;7,6;13,2;159;0
199603;NWWV;OUVEA;OM;2597;1110;1258;126;1,4;8,9;146;0
199603;NWWW;NOUMEA LA TONTOUTA;OM;26292;9858;11348;216;89,9;397;267;4
199603;SOCA;CAYENNE-FELIX EBOUE;OM;33398;13784;11730;1791;254,8;354,5;899;82
199603;SOOA;MARIPASOULA;OM;1444;684;594;0;16,1;0,4;186;31
199603;SOOG;"ST-GEORGES-DE-L'OYAPOCK";OM;1877;930;852;0;9,1;0,4;243;19
199603;TFFF;MARTINIQUE-AIME CESAIRE;OM;182936;83716;71200;9249;898,7;978,5;2387;302
199603;TFFG;ST-MARTIN-GRAND-CASE;OM;5560;2800;2422;0;11,4;22,3;702;86
199603;TFFJ;ST-BARTHELEMY;OM;18371;8868;8454;619;2,1;40,8;2733;59
199603;TFFM;MARIE-GALANTE;OM;1641;720;849;57;0,2;1,3;166;0
199603;TFFR;GUADELOUPE-MARYSE CONDE;OM;203976;91244;79531;14281;923,2;968,9;3107;175
199603;TFFS;LES SAINTES-TERRE-DE-HAUT;OM;1447;816;619;0;1,2;0;177;3
199603;ZZMT; AUTRES APT (MT);MT;8109;3894;3194;65;4,5;91,2;1266;31
199603;ZZOM; AUTRES APT (OM);OM;11513;4425;4353;1704;57,2;45,9;1194;22
199604;FMCZ;MAYOTTE-MARCEL HENRY;OM;6231;2725;2169;755;6,3;52;105;0
199604;FMEE;LA REUNION-ROLAND GARROS;OM;114314;45901;52035;0;359,9;1277,9;821;26
199604;LFBA;AGEN-LA GARENNE;MT;2943;1463;1478;0;0,1;0,1;171;0
199604;LFBD;BORDEAUX-MERIGNAC;MT;258609;117103;115047;9899;758,6;897,5;3337;182
199604;LFBE;BERGERAC-DORDOGNE-PERIGORD;MT;1689;826;863;0;0;0;163;0
199604;LFBH;LA ROCHELLE-ILE DE RE;MT;3769;1902;1867;0;0;0;174;0
199604;LFBI;POITIERS-BIARD;MT;9716;2110;2183;786;231,5;232,2;338;40
199604;LFBL;LIMOGES-BELLEGARDE;MT;15516;6802;6375;537;94,3;85,9;465;40
199604;LFBO;TOULOUSE-BLAGNAC;MT;402155;180786;175647;12878;1002,1;2282,3;4683;355
199604;LFBP;PAU-PYRENEES;MT;53275;24076;24380;3015;91,1;89,3;1053;39
199604;LFBT;TARBES-LOURDES-PYRENEES;MT;47755;22717;25022;0;0,4;1,2;554;0
199604;LFBU;ANGOULEME-BRIE-CHAMPNIERS;MT;1505;737;766;2;0;0;126;0
199604;LFBV;BRIVE-LA-ROCHE;MT;3522;1694;1828;0;0;0;132;0
199604;LFBX;PERIGUEUX-BASSILLAC;MT;3806;1893;1913;0;0;0;224;0
199604;LFBZ;BIARRITZ-PAYS-BASQUE;MT;47807;22813;23550;451;36,4;62,9;560;2
199604;LFCK;CASTRES-MAZAMET;MT;3247;1652;1595;0;0;0;175;0
199604;LFCR;RODEZ-AVEYRON;MT;6706;3288;3265;146;0,7;0;283;0
199604;LFEC;OUESSANT;MT;1024;925;0;0;9,9;0;188;0
199604;LFGJ;DOLE-TAVAUX;MT;3766;917;1131;78;87,4;76,7;33;40
199604;LFJL;METZ-NANCY-LORRAINE;MT;29467;10992;10411;1303;325,8;350,4;688;71
199604;LFKB;BASTIA-PORETTA;MT;65798;28458;31098;50;174,5;444,7;1016;127
199604;LFKC;CALVI-STE-CATHERINE;MT;16266;7535;8565;82;0,2;8,2;386;0
199604;LFKF;FIGARI-SUD-CORSE;MT;13712;6405;7306;1;0;0;284;0
199604;LFKJ;AJACCIO-NAPOLEON-BONAPARTE;MT;71802;32367;35369;57;63,5;337,5;998;206
199604;LFLB;CHAMBERY-AIX-LES-BAINS;MT;9378;5194;3944;239;0,1;0;237;0
199604;LFLC;CLERMONT-FERRAND-AUVERGNE;MT;45381;19899;19540;4094;79,8;105;1742;40
199604;LFLL;LYON-ST-EXUPERY;MT;470276;222784;203736;16140;1305,3;1456,3;6520;600
199604;LFLO;ROANNE;MT;1092;527;565;0;0;0;122;0
199604;LFLP;ANNECY-MEYTHET;MT;5324;2657;2665;0;0,2;0;157;0
199604;LFLS;GRENOBLE-ALPES-ISERE;MT;24559;12488;11921;23;7,3;5,4;368;0
199604;LFLW;AURILLAC;MT;1116;551;565;0;0;0;96;0
199604;LFMH;ST-ETIENNE-LOIRE;MT;7201;3493;3626;53;1,1;1,9;300;0
199604;LFML;MARSEILLE-PROVENCE;MT;518794;224436;223472;18505;2370,7;2867,4;6121;678
199604;LFMN;"NICE-COTE D'AZUR";MT;595125;283109;285683;6400;1137;856,3;10991;161
199604;LFMP;PERPIGNAN-RIVESALTES;MT;44061;21315;22746;0;0;0;410;0
199604;LFMT;MONTPELLIER-MEDITERRANEE;MT;141905;66892;68027;326;297,5;368,5;1988;43
199604;LFMU;BEZIERS-VIAS;MT;5722;2716;2999;0;0,5;0,2;172;0
199604;LFMV;AVIGNON-CAUMONT;MT;12477;6022;6424;0;1,4;1,6;228;0
199604;LFOB;BEAUVAIS-TILLE;MT;5384;3207;2151;26;0;0;39;0
199604;LFOH;LE HAVRE-OCTEVILLE;MT;7156;2784;2452;1901;0,2;1,7;675;0
199604;LFOP;ROUEN-VALLEE DE SEINE;MT;3682;1910;1772;0;0;0;470;0
199604;LFOT;TOURS-VAL DE LOIRE;MT;1325;657;632;15;2,1;0;121;1
199604;LFPG;PARIS-CHARLES DE GAULLE;MT;3587058;1363370;1299828;21775;47709,8;42498,7;28314;2057
199604;LFPO;PARIS-ORLY;MT;2711557;1254559;1191504;2270;13708,5;12613,8;20744;126
199604;LFQQ;LILLE-LESQUIN;MT;85210;41550;39945;3202;23,2;28,1;1650;14
199604;LFRB;BREST-BRETAGNE;MT;55288;26597;26001;327;97,1;139,2;958;43
199604;LFRC;CHERBOURG-MAUPERTUS;MT;3470;1716;1679;66;0,7;0,2;314;0
199604;LFRD;DINARD-PLEURTUIT-ST-MALO;MT;3631;1791;1777;52;1,1;0,1;403;0
199604;LFRG;DEAUVILLE-NORMANDIE;MT;2425;1071;1001;353;0;0;166;0
199604;LFRH;LORIENT-LANN-BIHOUE;MT;17550;8702;8715;20;2,4;9;180;0
199604;LFRK;CAEN-CARPIQUET;MT;3422;1732;1684;1;0,5;0,1;201;3
199604;LFRN;RENNES-ST-JACQUES;MT;30072;11745;11610;228;304,2;344,7;1210;79
199604;LFRO;LANNION;MT;4493;2247;2180;66;0;0;127;1
199604;LFRQ;QUIMPER-PLUGUFFAN;MT;15455;7274;7294;679;7,6;13,2;231;0
199604;LFRS;NANTES-ATLANTIQUE;MT;146165;65613;64465;8821;376,1;350,6;2540;125
199604;LFRT;ST-BRIEUC-ARMOR;MT;1825;1047;778;0;0;0;130;0
199604;LFSB;BALE-MULHOUSE;MT;214282;96668;95124;1978;1089,5;961,7;5085;319
199604;LFSD;DIJON-LONGVIC;MT;2624;1324;1288;9;0,1;0,1;236;0
199604;LFSG;EPINAL-MIRECOURT;MT;1189;578;611;0;0;0;116;0
199604;LFSR;REIMS-CHAMPAGNE;MT;1211;652;553;6;0;0;99;0
199604;LFST;STRASBOURG-ENTZHEIM;MT;185348;87158;86873;1198;623,9;387,9;3045;91
199604;LFTH;TOULON-HYERES;MT;71183;33179;36908;0;69,7;39,9;717;18
199604;LFTW;NIMES-GARONS;MT;26750;13024;13452;0;5,7;21,8;250;0
199604;LFVP;ST-PIERRE-POINTE BLANCHE;OM;2279;1161;919;0;2,6;17,3;156;0
199604;NLWW;WALLIS-HIHIFO;OM;2214;699;750;544;3,2;18,9;84;0
199604;NTAA;"TAHITI FAA'A";OM;87530;40055;38461;3187;144,9;437,8;2791;0
199604;NTGC;TIKEHAU;OM;1074;336;381;221;11,1;2,5;52;0
199604;NTGI;MANIHI;OM;1264;571;575;40;1,5;6,3;51;0
199604;NTGM;MAKEMO;OM;3107;1212;1566;263;0,7;6;89;0
199604;NTMD;NUKU HIVA;OM;1211;445;516;159;3,6;5,4;66;0
199604;NTTB;BORA BORA;OM;11633;5377;5458;679;2,3;9,6;352;0
199604;NTTE;TETIAROA;OM;1478;728;750;0;0;0;144;0
199604;NTTG;RANGIROA;OM;5783;1962;2337;1298;6,1;12,4;279;0
199604;NTTH;HUAHINE;OM;12066;3485;3533;4959;2,8;6,1;437;0
199604;NTTM;MOOREA;OM;14805;7416;6741;643;0,3;0,2;1620;0
199604;NTTO;HAO;OM;1679;486;527;586;2,7;5,4;81;0
199604;NTTP;MAUPITI;OM;1451;608;789;2;1;4,3;58;0
199604;NTTR;RAIATEA;OM;11135;4410;4308;2235;6,5;11,7;370;0
199604;NWWE;ILE DES PINS;OM;6527;3166;3160;0;5,9;14,2;258;0
199604;NWWL;LIFOU;OM;8060;3631;3687;412;5,8;27,1;320;0
199604;NWWM;NOUMEA MAGENTA;OM;21520;10320;10270;0;71,5;21,5;951;0
199604;NWWR;MARE;OM;4216;1856;1904;187;8,4;18,5;177;0
199604;NWWV;OUVEA;OM;3228;1470;1436;190;2,9;10,3;154;0
199604;NWWW;NOUMEA LA TONTOUTA;OM;26318;10530;10607;0;87,2;431;266;1
199604;SOCA;CAYENNE-FELIX EBOUE;OM;35143;14013;14194;1814;216,1;296,1;990;84
199604;SOOA;MARIPASOULA;OM;1184;489;494;0;19,7;0,4;152;47
199604;SOOG;"ST-GEORGES-DE-L'OYAPOCK";OM;1950;918;928;0;10;0,4;257;21
199604;TFFF;MARTINIQUE-AIME CESAIRE;OM;164870;68712;68599;9111;1028,6;816,3;2429;259
199604;TFFG;ST-MARTIN-GRAND-CASE;OM;5899;3090;2582;0;6,3;16,4;735;63
199604;TFFJ;ST-BARTHELEMY;OM;17605;8352;8226;537;2,4;46,6;2548;46
199604;TFFM;MARIE-GALANTE;OM;1604;720;810;57;0,5;1,3;166;0
199604;TFFR;GUADELOUPE-MARYSE CONDE;OM;197839;84333;81919;14124;858,6;887,7;3090;192
199604;TFFS;LES SAINTES-TERRE-DE-HAUT;OM;1005;598;407;0;0;0;138;0
199604;ZZMT; AUTRES APT (MT);MT;7773;4036;3213;71;9,6;35,8;1176;62
199604;ZZOM; AUTRES APT (OM);OM;11445;4034;4237;2187;43,7;54,9;1182;10
199605;FMCZ;MAYOTTE-MARCEL HENRY;OM;5368;1742;2239;789;5,8;54;111;0
199605;FMEE;LA REUNION-ROLAND GARROS;OM;106266;49374;40022;0;317,6;1369,3;845;24
199605;LFBA;AGEN-LA GARENNE;MT;2545;1281;1264;0;0;0;147;0
199605;LFBD;BORDEAUX-MERIGNAC;MT;254507;113554;117877;8717;715;720,9;3500;153
199605;LFBE;BERGERAC-DORDOGNE-PERIGORD;MT;1369;676;693;0;0;0;138;0
199605;LFBH;LA ROCHELLE-ILE DE RE;MT;2972;1548;1424;0;0;0;158;0
199605;LFBI;POITIERS-BIARD;MT;10746;2973;2806;834;211;202,3;376;34
199605;LFBL;LIMOGES-BELLEGARDE;MT;13512;5750;5794;395;83,9;73,4;406;33
199605;LFBO;TOULOUSE-BLAGNAC;MT;401150;177925;177680;13460;985;2223,6;4775;327
199605;LFBP;PAU-PYRENEES;MT;51160;23369;23141;2945;93,1;77,4;1057;33
199605;LFBT;TARBES-LOURDES-PYRENEES;MT;83812;40852;42918;0;0,6;3,6;906;1
199605;LFBU;ANGOULEME-BRIE-CHAMPNIERS;MT;1207;624;570;13;0;0;109;0
199605;LFBV;BRIVE-LA-ROCHE;MT;2796;1404;1392;0;0;0;122;0
199605;LFBX;PERIGUEUX-BASSILLAC;MT;3167;1578;1546;43;0;0;206;0
199605;LFBZ;BIARRITZ-PAYS-BASQUE;MT;49006;23954;23760;328;31,8;64,6;558;0
199605;LFCK;CASTRES-MAZAMET;MT;2575;1341;1202;32;0;0;146;0
199605;LFCR;RODEZ-AVEYRON;MT;7598;3645;3609;337;0,7;0;271;0
199605;LFGJ;DOLE-TAVAUX;MT;5277;1954;1795;172;75,4;60,2;62;34
199605;LFJL;METZ-NANCY-LORRAINE;MT;28490;11006;10455;2155;238,6;248,9;728;53
199605;LFKB;BASTIA-PORETTA;MT;66803;30331;30449;15;168,1;432,7;1091;112
199605;LFKC;CALVI-STE-CATHERINE;MT;22501;10740;11283;374;1,2;9,2;517;0
199605;LFKF;FIGARI-SUD-CORSE;MT;16849;8068;8644;137;0;0;381;0
199605;LFKJ;AJACCIO-NAPOLEON-BONAPARTE;MT;81652;38980;39170;56;43,9;300,7;1249;192
199605;LFLB;CHAMBERY-AIX-LES-BAINS;MT;3336;1748;1588;0;0;0;124;0
199605;LFLC;CLERMONT-FERRAND-AUVERGNE;MT;44165;19511;19804;3297;74,7;80,7;1622;33
199605;LFLL;LYON-ST-EXUPERY;MT;447615;198118;206855;15674;1255,5;1441,3;6618;595
199605;LFLP;ANNECY-MEYTHET;MT;4438;2106;2331;1;0;0;154;0
199605;LFLS;GRENOBLE-ALPES-ISERE;MT;20285;9904;10208;24;7,7;7,3;330;0
199605;LFMD;CANNES-MANDELIEU;MT;1371;705;666;0;0;0;247;0
199605;LFMH;ST-ETIENNE-LOIRE;MT;7053;3403;3604;15;1,6;1,6;272;0
199605;LFML;MARSEILLE-PROVENCE;MT;510779;217376;224530;19890;2220,8;2677,5;6336;639
199605;LFMN;"NICE-COTE D'AZUR";MT;644888;306742;312521;5470;1241,2;774,3;13868;148
199605;LFMP;PERPIGNAN-RIVESALTES;MT;42591;21745;20845;1;0;0;439;0
199605;LFMT;MONTPELLIER-MEDITERRANEE;MT;137472;64823;64735;237;389,8;377,8;2111;46
199605;LFMU;BEZIERS-VIAS;MT;5407;2726;2668;0;0,4;0,9;172;0
199605;LFMV;AVIGNON-CAUMONT;MT;11738;5854;5851;0;1,9;1,4;234;0
199605;LFOB;BEAUVAIS-TILLE;MT;7091;3369;3568;94;3;3;61;0
199605;LFOH;LE HAVRE-OCTEVILLE;MT;10198;4749;3801;1647;0,1;0,1;669;0
199605;LFOP;ROUEN-VALLEE DE SEINE;MT;3385;1764;1621;0;0;0;415;0
199605;LFOT;TOURS-VAL DE LOIRE;MT;1442;748;673;0;1,1;1,1;113;2
199605;LFPG;PARIS-CHARLES DE GAULLE;MT;3600607;1334281;1374632;23066;46670,4;40192,4;29620;1925
199605;LFPO;PARIS-ORLY;MT;2634963;1162020;1223525;2811;13708,2;10952,5;21367;97
199605;LFQQ;LILLE-LESQUIN;MT;79320;39586;37896;705;90,9;22,4;1622;12
199605;LFRB;BREST-BRETAGNE;MT;55816;26641;25904;1388;88,9;99,4;983;38
199605;LFRC;CHERBOURG-MAUPERTUS;MT;2959;1422;1520;0;1,4;0,3;238;0
199605;LFRD;DINARD-PLEURTUIT-ST-MALO;MT;4611;2102;2365;109;3,5;0,1;463;0
199605;LFRG;DEAUVILLE-NORMANDIE;MT;2570;987;1004;544;0;3,5;258;4
199605;LFRH;LORIENT-LANN-BIHOUE;MT;17787;8990;8607;81;1,5;9,5;202;0
199605;LFRK;CAEN-CARPIQUET;MT;4121;2166;1905;43;0;0,7;206;1
199605;LFRN;RENNES-ST-JACQUES;MT;26922;10127;10472;93;283,4;339,6;1114;73
199605;LFRO;LANNION;MT;3690;1878;1735;77;0;0;125;0
199605;LFRQ;QUIMPER-PLUGUFFAN;MT;13837;6296;6423;950;5,3;11,5;249;0
199605;LFRS;NANTES-ATLANTIQUE;MT;154103;69028;68045;11011;313,8;288,1;2622;109
199605;LFRT;ST-BRIEUC-ARMOR;MT;1469;678;789;2;0;0;109;0
199605;LFSB;BALE-MULHOUSE;MT;235762;108400;105320;2181;1034,9;951,3;5602;378
199605;LFSD;DIJON-LONGVIC;MT;2001;967;1012;21;0,1;0;178;0
199605;LFSG;EPINAL-MIRECOURT;MT;1111;551;549;0;1,1;0;109;1
199605;LFST;STRASBOURG-ENTZHEIM;MT;191731;91151;89522;1471;570,9;387,9;3228;92
199605;LFTH;TOULON-HYERES;MT;74728;37517;36113;5;55,6;53,8;739;19
199605;LFTW;NIMES-GARONS;MT;27598;13805;13501;8;4,8;23,6;253;0
199605;LFVP;ST-PIERRE-POINTE BLANCHE;OM;3346;1010;1283;0;87,5;17,8;266;0
199605;NLWW;WALLIS-HIHIFO;OM;2607;1031;1003;382;2,5;16,7;127;0
199605;NTAA;"TAHITI FAA'A";OM;85496;37137;39551;2562;151,8;472,9;2766;0
199605;NTGC;TIKEHAU;OM;1012;353;298;212;11,1;3,8;44;0
199605;NTGI;MANIHI;OM;1420;704;611;16;1,8;7,2;44;0
199605;NTGM;MAKEMO;OM;2914;1373;1221;251;1;5,9;76;0
199605;NTMD;NUKU HIVA;OM;1340;580;521;158;3,2;4,9;77;0
199605;NTTB;BORA BORA;OM;12039;5875;5438;592;3,2;10,2;368;0
199605;NTTE;TETIAROA;OM;1422;735;687;0;0;0;126;0
199605;NTTG;RANGIROA;OM;6226;2421;2233;1365;7;13,7;264;0
199605;NTTH;HUAHINE;OM;12007;3436;3062;5389;6,4;5,6;426;0
199605;NTTM;MOOREA;OM;15714;7556;7556;554;0,5;4,3;1667;0
199605;NTTO;HAO;OM;1251;370;401;422;1,8;4,1;59;0
199605;NTTP;MAUPITI;OM;1391;773;568;2;1,7;3,1;56;0
199605;NTTR;RAIATEA;OM;11259;4371;4216;2484;5,1;13,8;366;0
199605;NWWE;ILE DES PINS;OM;5708;2707;2830;0;3,8;13,3;216;0
199605;NWWL;LIFOU;OM;8621;3767;4092;443;5,7;26,1;326;0
199605;NWWM;NOUMEA MAGENTA;OM;21408;10511;10087;0;63,9;17,1;865;0
199605;NWWR;MARE;OM;4381;1926;2059;208;5,4;13,4;181;0
199605;NWWV;OUVEA;OM;3788;1781;1693;178;2,8;10,9;166;0
199605;NWWW;NOUMEA LA TONTOUTA;OM;26222;12087;9269;0;94,2;392,4;229;10
199605;SOCA;CAYENNE-FELIX EBOUE;OM;31671;12620;11974;1963;151,8;359,6;829;89
199605;SOOG;"ST-GEORGES-DE-L'OYAPOCK";OM;1887;854;900;0;13,1;0,3;205;30
199605;TFFF;MARTINIQUE-AIME CESAIRE;OM;122135;53830;49391;6862;471,3;734;2025;14
199605;TFFG;ST-MARTIN-GRAND-CASE;OM;5861;3031;2573;0;6,8;18,8;720;79
199605;TFFJ;ST-BARTHELEMY;OM;14768;7305;6466;564;0,4;43;2251;40
199605;TFFM;MARIE-GALANTE;OM;1412;632;702;65;0,1;1,2;168;0
199605;TFFR;GUADELOUPE-MARYSE CONDE;OM;152925;66612;59547;14242;322,4;930;2994;269
199605;ZZMT; AUTRES APT (MT);MT;9863;5202;4029;105;17,3;35,4;1499;54
199605;ZZOM; AUTRES APT (OM);OM;12756;4991;4489;2064;69,2;52,1;1395;56
199606;FMCZ;MAYOTTE-MARCEL HENRY;OM;5711;2193;2218;636;6,9;59,6;104;0
199606;FMEE;LA REUNION-ROLAND GARROS;OM;97965;34246;47516;1;324,4;1295,9;716;24
199606;LFBA;AGEN-LA GARENNE;MT;2995;1469;1526;0;0;0;161;0
199606;LFBD;BORDEAUX-MERIGNAC;MT;275496;123942;127133;8733;816,3;752,5;3317;176
199606;LFBE;BERGERAC-DORDOGNE-PERIGORD;MT;1992;1003;989;0;0;0;156;0
199606;LFBH;LA ROCHELLE-ILE DE RE;MT;3731;1763;1968;0;0;0;185;0
199606;LFBI;POITIERS-BIARD;MT;10733;2572;2312;918;235,6;257,6;401;41
199606;LFBL;LIMOGES-BELLEGARDE;MT;13741;5565;6016;303;91,7;93,9;401;41
199606;LFBO;TOULOUSE-BLAGNAC;MT;425575;189960;189264;13213;1032,4;2281,5;4677;353
199606;LFBP;PAU-PYRENEES;MT;52038;23248;23915;2881;104,4;95;947;41
199606;LFBT;TARBES-LOURDES-PYRENEES;MT;66420;33068;33331;0;1;1,1;682;0
199606;LFBU;ANGOULEME-BRIE-CHAMPNIERS;MT;1625;822;800;3;0;0;106;0
199606;LFBV;BRIVE-LA-ROCHE;MT;3671;1766;1905;0;0;0;133;0
199606;LFBX;PERIGUEUX-BASSILLAC;MT;3761;1713;1837;211;0;0;243;0
199606;LFBZ;BIARRITZ-PAYS-BASQUE;MT;52790;24818;26661;447;29,4;57;580;0
199606;LFCK;CASTRES-MAZAMET;MT;3186;1641;1545;0;0;0;167;0
199606;LFCR;RODEZ-AVEYRON;MT;7165;3361;3520;277;0,7;0;290;0
199606;LFGJ;DOLE-TAVAUX;MT;2274;178;308;63;88,4;84,1;16;41
199606;LFJL;METZ-NANCY-LORRAINE;MT;30086;13130;12617;1136;138,1;182,2;855;82
199606;LFKB;BASTIA-PORETTA;MT;73340;30549;35997;431;171,1;465,2;1116;134
199606;LFKC;CALVI-STE-CATHERINE;MT;27140;11931;14269;786;1,3;14,1;598;0
199606;LFKF;FIGARI-SUD-CORSE;MT;23371;10105;12796;470;0;0;444;2
199606;LFKJ;AJACCIO-NAPOLEON-BONAPARTE;MT;92723;41677;47234;349;43,3;303;1319;210
199606;LFLB;CHAMBERY-AIX-LES-BAINS;MT;3689;1877;1739;65;0,8;0;137;0
199606;LFLC;CLERMONT-FERRAND-AUVERGNE;MT;50056;21760;21914;4494;85,7;103,2;1709;41
199606;LFLL;LYON-ST-EXUPERY;MT;468441;217336;211702;12047;1380,4;1355,3;6483;621
199606;LFLO;ROANNE;MT;1101;577;524;0;0;0;116;0
199606;LFLP;ANNECY-MEYTHET;MT;5484;2675;2809;0;0;0;153;0
199606;LFLS;GRENOBLE-ALPES-ISERE;MT;24811;12077;12566;25;8,4;5,9;345;0
199606;LFLW;AURILLAC;MT;1214;583;631;0;0;0;101;0
199606;LFMH;ST-ETIENNE-LOIRE;MT;8096;3904;4129;27;1,9;1,8;289;0
199606;LFML;MARSEILLE-PROVENCE;MT;552155;242179;239450;18607;2429,8;2762,1;6066;676
199606;LFMN;"NICE-COTE D'AZUR";MT;665690;316119;324450;4808;1239,9;791,4;12766;162
199606;LFMP;PERPIGNAN-RIVESALTES;MT;46363;21980;24309;74;0;0;450;0
199606;LFMT;MONTPELLIER-MEDITERRANEE;MT;154361;71893;72986;466;396,1;505,6;2181;86
199606;LFMU;BEZIERS-VIAS;MT;6046;2780;3260;0;0,5;0,1;174;0
199606;LFMV;AVIGNON-CAUMONT;MT;13173;6535;6600;0;1,9;1,9;234;0
199606;LFOB;BEAUVAIS-TILLE;MT;6648;3476;3172;0;0;0;53;0
199606;LFOH;LE HAVRE-OCTEVILLE;MT;10814;4749;4219;1845;0;0,1;730;0
199606;LFOP;ROUEN-VALLEE DE SEINE;MT;3894;1993;1869;0;0;3,2;476;6
199606;LFOT;TOURS-VAL DE LOIRE;MT;1159;613;546;0;0;0;116;0
199606;LFPG;PARIS-CHARLES DE GAULLE;MT;3827893;1440040;1410226;29264;52307,4;42528,9;28530;2103
199606;LFPO;PARIS-ORLY;MT;2783146;1302029;1217912;3256;15076,5;10918,5;20939;123
199606;LFQG;NEVERS-FOURCHAMBAULT;MT;1211;560;607;36;0,8;0;84;1
199606;LFQQ;LILLE-LESQUIN;MT;92369;45753;44250;1531;59,3;24,2;1746;16
199606;LFRB;BREST-BRETAGNE;MT;58187;26751;28270;930;90,2;133,4;958;44
199606;LFRC;CHERBOURG-MAUPERTUS;MT;2986;1507;1468;0;0,9;0,2;248;0
199606;LFRD;DINARD-PLEURTUIT-ST-MALO;MT;3824;1981;1834;0;0,9;0;420;0
199606;LFRG;DEAUVILLE-NORMANDIE;MT;2209;761;740;553;0;15,5;290;2
199606;LFRH;LORIENT-LANN-BIHOUE;MT;19034;9329;9594;0;0,5;10,6;193;4
199606;LFRK;CAEN-CARPIQUET;MT;5385;2434;2505;435;1;0,1;234;4
199606;LFRN;RENNES-ST-JACQUES;MT;32114;12402;12637;153;319,9;372,3;1206;81
199606;LFRO;LANNION;MT;4859;2342;2459;57;0,1;0;137;0
199606;LFRQ;QUIMPER-PLUGUFFAN;MT;15189;6716;7186;1121;4;12,6;261;0
199606;LFRS;NANTES-ATLANTIQUE;MT;155510;68437;71674;8507;353;336,2;2774;125
199606;LFSB;BALE-MULHOUSE;MT;256441;116086;117955;2254;998,4;1016,2;5664;373
199606;LFSD;DIJON-LONGVIC;MT;2322;1138;1167;17;0;0;234;0
199606;LFSG;EPINAL-MIRECOURT;MT;1332;671;661;0;0;0;120;0
199606;LFSR;REIMS-CHAMPAGNE;MT;1552;712;759;81;0;0;127;0
199606;LFST;STRASBOURG-ENTZHEIM;MT;206976;98990;96284;1522;624;394;3081;105
199606;LFTH;TOULON-HYERES;MT;82666;39793;41499;60;71,4;60;764;25
199606;LFTW;NIMES-GARONS;MT;28478;13992;14074;0;6,8;34,4;259;0
199606;LFVP;ST-PIERRE-POINTE BLANCHE;OM;3466;1016;1032;0;125,1;16,7;254;0
199606;NLWW;WALLIS-HIHIFO;OM;1967;607;726;415;3,3;18,6;75;0
199606;NTAA;"TAHITI FAA'A";OM;91381;41720;40046;3285;146,9;486,1;2742;0
199606;NTAT;TUBUAI MATAURA;OM;1002;367;332;236;1,8;4,9;30;0
199606;NTGI;MANIHI;OM;1434;657;670;15;2,1;7,1;46;0
199606;NTGM;MAKEMO;OM;2875;1233;1325;243;1,1;6,3;80;0
199606;NTMD;NUKU HIVA;OM;1519;602;634;204;2,4;5,5;77;0
199606;NTTB;BORA BORA;OM;11757;5418;5553;667;2,8;9,1;352;0
199606;NTTE;TETIAROA;OM;1467;692;775;0;0;0;150;0
199606;NTTG;RANGIROA;OM;5707;2054;2002;1440;8,2;13;248;0
199606;NTTH;HUAHINE;OM;10759;2697;2554;5430;2,5;5,4;388;0
199606;NTTM;MOOREA;OM;15822;7612;7640;566;0,2;0,2;1645;0
199606;NTTO;HAO;OM;1473;512;472;430;2,1;3,8;69;0
199606;NTTP;MAUPITI;OM;1079;477;559;0;1,1;3,2;36;0
199606;NTTR;RAIATEA;OM;9770;3740;3526;2322;4,9;13,3;293;0
199606;NWWE;ILE DES PINS;OM;4314;2209;1981;0;3,1;9,2;184;0
199606;NWWL;LIFOU;OM;8630;4138;3702;466;6,1;26,3;328;0
199606;NWWM;NOUMEA MAGENTA;OM;19278;8881;9586;0;63,4;17,7;837;0
199606;NWWR;MARE;OM;4375;2004;1967;184;6,7;15,3;173;0
199606;NWWV;OUVEA;OM;3019;1319;1313;253;2,3;11,2;128;0
199606;NWWW;NOUMEA LA TONTOUTA;OM;26068;9506;12240;0;95,1;337,1;242;6
199606;SOCA;CAYENNE-FELIX EBOUE;OM;37726;16679;13641;1682;234,3;338,1;907;96
199606;SOOA;MARIPASOULA;OM;1019;413;457;0;14,6;0,3;128;30
199606;SOOG;"ST-GEORGES-DE-L'OYAPOCK";OM;1644;807;756;0;8;0,1;207;17
199606;TFFF;MARTINIQUE-AIME CESAIRE;OM;121466;46400;55591;7389;397,1;811,6;1805;7
199606;TFFG;ST-MARTIN-GRAND-CASE;OM;5068;2590;2198;0;8,7;19,4;591;88
199606;TFFJ;ST-BARTHELEMY;OM;11258;5256;5092;553;0,5;35,3;1998;32
199606;TFFM;MARIE-GALANTE;OM;1231;537;640;36;0,1;1,6;158;0
199606;TFFR;GUADELOUPE-MARYSE CONDE;OM;139668;54250;62990;10865;188,2;968,1;2657;238
199606;ZZMT; AUTRES APT (MT);MT;10137;5337;3878;57;50,6;35,9;1666;91
199606;ZZOM; AUTRES APT (OM);OM;11361;4134;4177;1912;66,6;47,4;1237;46
199607;FMCZ;MAYOTTE-MARCEL HENRY;OM;7051;2737;2923;787;8,8;51,7;113;0
199607;FMEE;LA REUNION-ROLAND GARROS;OM;133276;59275;55243;447;447;1384,2;871;26
199607;LFBA;AGEN-LA GARENNE;MT;2473;1252;1221;0;0;0;134;0
199607;LFBD;BORDEAUX-MERIGNAC;MT;265756;116995;118805;9916;1068,3;935,8;3261;189
199607;LFBE;BERGERAC-DORDOGNE-PERIGORD;MT;1634;803;831;0;0;0;134;0
199607;LFBH;LA ROCHELLE-ILE DE RE;MT;3892;1892;2000;0;0;0;194;0
199607;LFBI;POITIERS-BIARD;MT;9029;1553;1585;515;258,3;279,3;269;45
199607;LFBL;LIMOGES-BELLEGARDE;MT;10697;4179;4692;0;92,9;89,7;369;45
199607;LFBO;TOULOUSE-BLAGNAC;MT;375120;165789;162792;11496;1063,3;2441,1;4523;379
199607;LFBP;PAU-PYRENEES;MT;46745;20125;21377;3091;121,3;93,9;954;45
199607;LFBT;TARBES-LOURDES-PYRENEES;MT;72413;35645;36731;0;1,5;2,2;799;0
199607;LFBU;ANGOULEME-BRIE-CHAMPNIERS;MT;1113;551;546;16;0;0;101;0
199607;LFBV;BRIVE-LA-ROCHE;MT;3399;1626;1773;0;0;0;132;0
199607;LFBX;PERIGUEUX-BASSILLAC;MT;3663;1681;1838;144;0;0;222;0
199607;LFBZ;BIARRITZ-PAYS-BASQUE;MT;60212;27623;30857;515;40,3;81,4;654;1
199607;LFCK;CASTRES-MAZAMET;MT;2897;1395;1502;0;0;0;184;0
199607;LFCR;RODEZ-AVEYRON;MT;7375;3201;3637;531;0,6;0;321;0
199607;LFEY;"ILE D'YEU";MT;1924;912;1012;0;0;0;385;0
199607;LFGJ;DOLE-TAVAUX;MT;2046;117;120;89;91,2;80,8;18;47
199607;LFJL;METZ-NANCY-LORRAINE;MT;28504;12528;11260;1377;162,9;171;811;89
199607;LFKB;BASTIA-PORETTA;MT;95531;38804;47734;2081;169,1;522,2;1315;144
199607;LFKC;CALVI-STE-CATHERINE;MT;39541;17015;21179;1197;0,8;14,2;648;0
199607;LFKF;FIGARI-SUD-CORSE;MT;40192;17783;21688;721;0;0;734;0
199607;LFKJ;AJACCIO-NAPOLEON-BONAPARTE;MT;118157;50352;62038;1301;60,4;386,3;1618;223
199607;LFLB;CHAMBERY-AIX-LES-BAINS;MT;3938;1898;1640;400;0;0;142;0
199607;LFLC;CLERMONT-FERRAND-AUVERGNE;MT;42426;18698;18799;2886;91,8;112,5;1649;45
199607;LFLL;LYON-ST-EXUPERY;MT;482376;246020;191605;14540;1392,2;1628,9;6920;721
199607;LFLP;ANNECY-MEYTHET;MT;4752;2272;2479;0;0,1;0;156;0
199607;LFLS;GRENOBLE-ALPES-ISERE;MT;17524;8554;8810;12;8,1;6,7;261;0
199607;LFLW;AURILLAC;MT;1131;546;585;0;0;0;103;0
199607;LFMH;ST-ETIENNE-LOIRE;MT;6211;3044;3084;52;2,1;1,1;290;0
199607;LFML;MARSEILLE-PROVENCE;MT;551128;254705;226450;17336;2383,9;2879,9;6281;727
199607;LFMN;"NICE-COTE D'AZUR";MT;706407;339274;340202;5931;1269,8;830,2;13555;185
199607;LFMP;PERPIGNAN-RIVESALTES;MT;58554;26442;31751;361;0;0;519;0
199607;LFMT;MONTPELLIER-MEDITERRANEE;MT;144681;66372;68806;530;385,2;512,1;2103;94
199607;LFMU;BEZIERS-VIAS;MT;8443;3848;4584;0;0,4;0,6;223;0
199607;LFMV;AVIGNON-CAUMONT;MT;14005;6887;7091;0;1,2;1,4;234;0
199607;LFOB;BEAUVAIS-TILLE;MT;8248;3812;4155;281;0;0;58;0
199607;LFOH;LE HAVRE-OCTEVILLE;MT;8037;3332;2965;1738;0,1;0,2;709;0
199607;LFOP;ROUEN-VALLEE DE SEINE;MT;2987;1533;1454;0;0;0;432;0
199607;LFPG;PARIS-CHARLES DE GAULLE;MT;3965630;1582424;1392932;33713;53288,3;42367,7;30214;2282
199607;LFPO;PARIS-ORLY;MT;2843768;1407567;1168596;2875;16135;10338;21860;118
199607;LFQQ;LILLE-LESQUIN;MT;91637;49463;41612;139;22,6;19,7;1720;8
199607;LFRB;BREST-BRETAGNE;MT;57307;26220;27769;978;103;131;961;51
199607;LFRC;CHERBOURG-MAUPERTUS;MT;2491;1291;1188;0;1,2;0;218;0
199607;LFRD;DINARD-PLEURTUIT-ST-MALO;MT;3426;1709;1698;6;1,3;0;392;2
199607;LFRG;DEAUVILLE-NORMANDIE;MT;1851;565;585;511;12;7;296;0
199607;LFRH;LORIENT-LANN-BIHOUE;MT;20857;9583;10798;0;2,1;45,4;213;2
199607;LFRK;CAEN-CARPIQUET;MT;4011;1998;1994;15;0,3;0,1;215;1
199607;LFRN;RENNES-ST-JACQUES;MT;31131;11599;12170;216;336,2;378,4;1244;93
199607;LFRO;LANNION;MT;4373;2141;2183;49;0;0;144;0
199607;LFRQ;QUIMPER-PLUGUFFAN;MT;18597;8059;8592;1698;11,5;13,4;391;0
199607;LFRS;NANTES-ATLANTIQUE;MT;136981;61461;59741;8127;370,9;394,2;2887;137
199607;LFRT;ST-BRIEUC-ARMOR;MT;1199;560;637;2;0;0;118;0
199607;LFSB;BALE-MULHOUSE;MT;248796;122730;101887;2417;1229,4;946,8;5611;417
199607;LFSD;DIJON-LONGVIC;MT;1539;701;793;7;2,8;1,1;206;0
199607;LFSG;EPINAL-MIRECOURT;MT;1072;547;522;3;0;0;99;0
199607;LFSR;REIMS-CHAMPAGNE;MT;1075;340;352;383;0;0;111;0
199607;LFST;STRASBOURG-ENTZHEIM;MT;185026;92504;80210;2043;603;423,9;3256;116
199607;LFTH;TOULON-HYERES;MT;94874;44405;48592;398;67,2;80,8;958;22
199607;LFTW;NIMES-GARONS;MT;25693;12173;12507;191;7,9;74,3;264;0
199607;LFVP;ST-PIERRE-POINTE BLANCHE;OM;3242;1483;1536;0;2,8;19,5;204;0
199607;NLWW;WALLIS-HIHIFO;OM;2485;681;905;664;3,2;20,2;85;0
199607;NTAA;"TAHITI FAA'A";OM;112197;53231;50120;2920;161,3;431,3;3038;0
199607;NTAR;RURUTU;OM;1364;520;407;366;2,4;4,7;38;0
199607;NTAT;TUBUAI MATAURA;OM;1476;585;524;286;2,3;5,9;42;0
199607;NTGC;TIKEHAU;OM;1037;310;490;148;6,7;2,2;42;0
199607;NTGI;MANIHI;OM;1737;757;855;23;2;8,2;54;0
199607;NTGM;MAKEMO;OM;3348;1516;1439;304;1,2;7,6;92;0
199607;NTMD;NUKU HIVA;OM;1875;782;757;273;2,5;3,8;88;0
199607;NTMN;HIVA OA-ATUONA;OM;1153;481;431;194;2;2,8;51;0
199607;NTTB;BORA BORA;OM;14893;6895;7007;855;2,5;11,2;408;0
199607;NTTE;TETIAROA;OM;1352;671;681;0;0;0;128;0
199607;NTTG;RANGIROA;OM;7456;2777;2803;1654;7,9;14,3;288;0
199607;NTTH;HUAHINE;OM;13323;3768;3682;5796;2,2;5,6;408;0
199607;NTTM;MOOREA;OM;16747;8306;7949;487;0,3;0,3;1790;0
199607;NTTO;HAO;OM;2271;898;784;522;2,4;4,4;94;0
199607;NTTP;MAUPITI;OM;1545;703;777;0;1;5,5;46;0
199607;NTTR;RAIATEA;OM;12197;4790;4745;2480;5,3;13;338;0
199607;NWWE;ILE DES PINS;OM;6210;2947;3125;0;3,8;10,1;218;0
199607;NWWL;LIFOU;OM;10313;4599;4905;437;7;30,2;378;0
199607;NWWM;NOUMEA MAGENTA;OM;23288;11522;10898;0;69,1;17,7;934;0
199607;NWWR;MARE;OM;5524;2531;2674;100;5;16,9;193;0
199607;NWWV;OUVEA;OM;3572;1558;1553;301;3,7;12,3;156;0
199607;NWWW;NOUMEA LA TONTOUTA;OM;30541;12083;13703;37;102,8;369;286;12
199607;SOCA;CAYENNE-FELIX EBOUE;OM;53510;24070;19649;3181;311,9;349,1;1140;87
199607;SOOA;MARIPASOULA;OM;1427;616;585;0;21,7;0,9;141;47
199607;SOOG;"ST-GEORGES-DE-L'OYAPOCK";OM;2352;1280;1012;0;5,8;0,2;283;11
199607;TFFF;MARTINIQUE-AIME CESAIRE;OM;154271;61304;73157;8449;389,4;746,7;2210;7
199607;TFFG;ST-MARTIN-GRAND-CASE;OM;6692;3340;3068;0;9,7;18,7;738;82
199607;TFFJ;ST-BARTHELEMY;OM;12397;5630;5590;703;5,8;41,7;2106;12
199607;TFFM;MARIE-GALANTE;OM;1653;751;840;39;0,4;1,9;168;0
199607;TFFR;GUADELOUPE-MARYSE CONDE;OM;177808;70355;80634;12716;334,4;1075,9;3133;278
199607;ZZMT; AUTRES APT (MT);MT;8522;4470;2913;59;50,3;57,8;1479;61
199607;ZZOM; AUTRES APT (OM);OM;11367;4231;4594;1714;43,7;39,7;1216;19
199608;FMCZ;MAYOTTE-MARCEL HENRY;OM;9124;4201;2965;1377;10,4;47,8;125;0
199608;FMEE;LA REUNION-ROLAND GARROS;OM;174965;79149;78844;295;448;1219,7;1167;24
199608;LFBA;AGEN-LA GARENNE;MT;1419;753;665;0;0;0,1;110;0
199608;LFBD;BORDEAUX-MERIGNAC;MT;240231;107063;106917;8949;812,4;917,8;2797;183
199608;LFBE;BERGERAC-DORDOGNE-PERIGORD;MT;1511;795;716;0;0;0;145;0
199608;LFBH;LA ROCHELLE-ILE DE RE;MT;3335;1704;1631;0;0;0;128;0
199608;LFBI;POITIERS-BIARD;MT;7069;1075;1216;136;222,5;241,7;164;56
199608;LFBL;LIMOGES-BELLEGARDE;MT;5823;2438;1900;173;65;66,2;158;42
199608;LFBO;TOULOUSE-BLAGNAC;MT;327405;140539;144427;13286;786,5;2128,7;3987;356
199608;LFBP;PAU-PYRENEES;MT;35587;16113;15324;2474;96,8;70,9;706;41
199608;LFBT;TARBES-LOURDES-PYRENEES;MT;68027;33625;34350;0;0,6;4,6;728;0
199608;LFBV;BRIVE-LA-ROCHE;MT;1192;655;537;0;0;0;46;0
199608;LFBX;PERIGUEUX-BASSILLAC;MT;3155;1426;1455;274;0;0;235;0
199608;LFBZ;BIARRITZ-PAYS-BASQUE;MT;56904;28838;26741;346;41,9;56;611;0
199608;LFCK;CASTRES-MAZAMET;MT;1059;550;509;0;0;0;99;0
199608;LFCR;RODEZ-AVEYRON;MT;6541;2828;2694;1013;0,5;0,1;249;0
199608;LFEY;"ILE D'YEU";MT;2704;1504;1200;0;0;0;484;0
199608;LFGJ;DOLE-TAVAUX;MT;1458;10;1;0;74,5;70,2;2;41
199608;LFJL;METZ-NANCY-LORRAINE;MT;25403;10351;10682;1618;131,3;143,9;584;80
199608;LFKB;BASTIA-PORETTA;MT;106947;53225;44349;1389;201,3;597,1;1462;133
199608;LFKC;CALVI-STE-CATHERINE;MT;45442;23510;20687;1070;5;12,5;630;0
199608;LFKF;FIGARI-SUD-CORSE;MT;48346;25970;21779;597;0;0;847;0
199608;LFKJ;AJACCIO-NAPOLEON-BONAPARTE;MT;141110;72068;63227;1367;84,9;360;1700;219
199608;LFLB;CHAMBERY-AIX-LES-BAINS;MT;2333;891;931;511;0;0;89;0
199608;LFLC;CLERMONT-FERRAND-AUVERGNE;MT;24516;10828;10440;1676;66;91,2;806;41
199608;LFLL;LYON-ST-EXUPERY;MT;455207;194898;226993;11643;986;1181,3;6049;656
199608;LFLP;ANNECY-MEYTHET;MT;2633;1402;1231;0;0;0;97;0
199608;LFLS;GRENOBLE-ALPES-ISERE;MT;9409;4548;4738;0;7;5,2;175;0
199608;LFLX;CHATEAUROUX-DEOLS;MT;1018;472;492;0;1,8;3,7;22;0
199608;LFMH;ST-ETIENNE-LOIRE;MT;1618;765;787;55;0,6;0,6;113;0
199608;LFML;MARSEILLE-PROVENCE;MT;522240;219090;236869;18679;2230,5;2529,6;5931;699
199608;LFMN;"NICE-COTE D'AZUR";MT;709924;345904;337177;6468;1040,8;996,7;13297;169
199608;LFMP;PERPIGNAN-RIVESALTES;MT;64707;34223;29786;698;0;0;551;0
199608;LFMT;MONTPELLIER-MEDITERRANEE;MT;129612;61561;60068;540;336,7;407,6;1967;78
199608;LFMU;BEZIERS-VIAS;MT;8714;4584;4120;0;0,4;0,6;207;0
199608;LFMV;AVIGNON-CAUMONT;MT;8854;4429;4405;1;0,9;1;167;0
199608;LFOB;BEAUVAIS-TILLE;MT;8198;3761;3316;940;16,4;1,7;56;0
199608;LFOH;LE HAVRE-OCTEVILLE;MT;1852;1471;285;96;0;0;66;0
199608;LFPG;PARIS-CHARLES DE GAULLE;MT;3920901;1473961;1541397;36424;46766;40146;30079;2101
199608;LFPO;PARIS-ORLY;MT;2742905;1196429;1303653;1865;13756;10339,8;20023;90
199608;LFQQ;LILLE-LESQUIN;MT;76640;36228;39784;367;14,6;11,5;1301;0
199608;LFRB;BREST-BRETAGNE;MT;45982;21834;20804;1270;88,3;119,1;854;43
199608;LFRC;CHERBOURG-MAUPERTUS;MT;1865;948;908;0;0,8;0,1;212;0
199608;LFRD;DINARD-PLEURTUIT-ST-MALO;MT;4555;2271;2272;0;1,2;0;373;0
199608;LFRG;DEAUVILLE-NORMANDIE;MT;5412;2323;2413;301;6,5;31;450;0
199608;LFRH;LORIENT-LANN-BIHOUE;MT;19564;9884;9373;0;1;29,8;228;1
199608;LFRK;CAEN-CARPIQUET;MT;2032;1004;1026;2;0;0;54;0
199608;LFRN;RENNES-ST-JACQUES;MT;24922;9354;9302;948;238,9;292,9;935;83
199608;LFRO;LANNION;MT;3071;1653;1418;0;0;0;113;1
199608;LFRQ;QUIMPER-PLUGUFFAN;MT;18588;8635;8166;1561;11,3;11,3;390;0
199608;LFRS;NANTES-ATLANTIQUE;MT;135778;58562;61263;9703;312,7;312,3;2390;129
199608;LFSB;BALE-MULHOUSE;MT;243632;100912;123330;3002;864,3;774,4;5306;382
199608;LFST;STRASBOURG-ENTZHEIM;MT;151629;66055;75439;2193;434,4;359,8;2892;108
199608;LFTH;TOULON-HYERES;MT;97202;49127;45508;630;78,3;115,4;982;22
199608;LFTW;NIMES-GARONS;MT;21529;10611;9881;361;5,6;62;236;0
199608;LFVP;ST-PIERRE-POINTE BLANCHE;OM;3425;1680;1570;0;1,9;15,6;237;0
199608;NLWW;WALLIS-HIHIFO;OM;2587;1104;703;588;2,9;16,2;101;0
199608;NTAA;"TAHITI FAA'A";OM;115694;50690;58463;785;151;424,6;3228;0
199608;NTAR;RURUTU;OM;1446;509;481;385;2,2;5;40;0
199608;NTAT;TUBUAI MATAURA;OM;1592;504;693;294;3,9;6,3;40;0
199608;NTGC;TIKEHAU;OM;1170;585;361;103;8,9;3,2;44;0
199608;NTGF;FAKARAVA;OM;1150;526;467;49;4,3;6,5;66;0
199608;NTGI;MANIHI;OM;1939;969;794;56;3,8;8,3;60;0
199608;NTGM;MAKEMO;OM;3009;1389;1252;297;1,6;5,6;91;0
199608;NTMD;NUKU HIVA;OM;2201;935;892;300;2,5;4,9;92;0
199608;NTMN;HIVA OA-ATUONA;OM;1434;558;577;253;1,4;3,2;65;0
199608;NTTB;BORA BORA;OM;17018;8144;7527;1209;3,3;10,6;436;0
199608;NTTE;TETIAROA;OM;1600;852;748;0;0;0;161;0
199608;NTTG;RANGIROA;OM;8299;3200;3199;1674;8,2;14,4;294;0
199608;NTTH;HUAHINE;OM;14841;4665;4187;5900;2,6;6,4;437;0
199608;NTTM;MOOREA;OM;18375;9069;8775;528;0,1;0,2;1898;0
199608;NTTO;HAO;OM;2116;806;856;393;1,5;4,7;98;0
199608;NTTP;MAUPITI;OM;1516;845;616;0;0,9;4,5;44;0
199608;NTTR;RAIATEA;OM;13992;5626;5555;2612;6,7;13,2;375;0
199608;NWWE;ILE DES PINS;OM;7447;3666;3610;0;4;13,1;264;0
199608;NWWL;LIFOU;OM;7955;3594;3540;469;6,6;28,6;329;0
199608;NWWM;NOUMEA MAGENTA;OM;22792;10920;10982;0;70,7;18,3;1036;0
199608;NWWR;MARE;OM;4387;2063;2045;47;6,7;16,5;175;0
199608;NWWV;OUVEA;OM;3793;1667;1771;202;2,7;12,6;156;0
199608;NWWW;NOUMEA LA TONTOUTA;OM;32673;15447;13164;60;99,7;300,5;304;8
199608;SOCA;CAYENNE-FELIX EBOUE;OM;52414;20148;24107;3575;214,5;243,9;1151;61
199608;SOOA;MARIPASOULA;OM;1581;652;729;0;19,8;0,2;148;46
199608;SOOG;"ST-GEORGES-DE-L'OYAPOCK";OM;2944;1483;1427;0;3,2;0,2;326;6
199608;TFFF;MARTINIQUE-AIME CESAIRE;OM;177523;84860;74875;7594;434,8;584,7;2365;7
199608;TFFG;ST-MARTIN-GRAND-CASE;OM;7639;3909;3412;0;10,7;21,2;949;72
199608;TFFJ;ST-BARTHELEMY;OM;14041;6574;6262;756;0,9;44;2477;15
199608;TFFM;MARIE-GALANTE;OM;1389;648;685;38;0,2;1,7;162;0
199608;TFFR;GUADELOUPE-MARYSE CONDE;OM;191822;86966;81932;11967;316,6;779,1;3299;216
199608;ZZMT; AUTRES APT (MT);MT;10085;4853;4398;562;10,7;16,5;1446;18
199608;ZZOM; AUTRES APT (OM);OM;11081;4904;3885;1680;27,6;33,5;1285;6
199609;FMCZ;MAYOTTE-MARCEL HENRY;OM;7295;2626;3412;607;8,3;56,8;110;0
199609;FMEE;LA REUNION-ROLAND GARROS;OM;115285;48148;48854;0;413,2;1415,1;735;30
199609;LFBA;AGEN-LA GARENNE;MT;2855;1471;1376;8;0;0;176;0
199609;LFBD;BORDEAUX-MERIGNAC;MT;263713;120618;117339;9080;810,9;856,8;3385;211
199609;LFBE;BERGERAC-DORDOGNE-PERIGORD;MT;1453;742;711;0;0;0;156;0
199609;LFBH;LA ROCHELLE-ILE DE RE;MT;3344;1683;1661;0;0;0;174;0
199609;LFBI;POITIERS-BIARD;MT;11832;3392;2796;623;265,6;236,5;402;41
199609;LFBL;LIMOGES-BELLEGARDE;MT;10870;4633;4439;311;72,9;75,8;408;41
199609;LFBO;TOULOUSE-BLAGNAC;MT;390811;172014;173152;12351;1002,5;2326,9;4695;394
199609;LFBP;PAU-PYRENEES;MT;48352;22608;21630;2536;95,5;62,2;953;41
199609;LFBT;TARBES-LOURDES-PYRENEES;MT;86860;43279;43546;6;1,2;1,7;865;0
199609;LFBU;ANGOULEME-BRIE-CHAMPNIERS;MT;1430;677;681;37;3,4;0,1;122;4
199609;LFBV;BRIVE-LA-ROCHE;MT;3211;1599;1612;0;0;0;131;0
199609;LFBX;PERIGUEUX-BASSILLAC;MT;3455;1659;1599;197;0;0;254;2
199609;LFBZ;BIARRITZ-PAYS-BASQUE;MT;49560;25550;22966;368;37,6;30;594;0
199609;LFCK;CASTRES-MAZAMET;MT;3482;1825;1657;0;0;0;180;0
199609;LFCR;RODEZ-AVEYRON;MT;6815;3380;3256;171;0,8;0;289;0
199609;LFGJ;DOLE-TAVAUX;MT;1818;59;64;5;88,7;80,2;18;43
199609;LFJL;METZ-NANCY-LORRAINE;MT;27158;10668;12357;1055;145,2;162,6;854;79
199609;LFKB;BASTIA-PORETTA;MT;69755;34873;27474;1033;185,5;451,9;1070;132
199609;LFKC;CALVI-STE-CATHERINE;MT;26190;14986;10403;741;1,2;4,8;436;0
199609;LFKF;FIGARI-SUD-CORSE;MT;21947;13096;8636;215;0;0;424;0
199609;LFKJ;AJACCIO-NAPOLEON-BONAPARTE;MT;87557;47756;35106;795;89,7;300,4;1243;198
199609;LFLB;CHAMBERY-AIX-LES-BAINS;MT;3557;1778;1657;122;0;0;160;0
199609;LFLC;CLERMONT-FERRAND-AUVERGNE;MT;45588;20006;19805;2928;93,9;191;1693;53
199609;LFLL;LYON-ST-EXUPERY;MT;465776;194023;230075;12120;1394,2;1561,6;6805;749
199609;LFLP;ANNECY-MEYTHET;MT;4538;2209;2328;0;0;0;154;0
199609;LFLS;GRENOBLE-ALPES-ISERE;MT;21133;10528;10481;15;6,5;4,4;321;0
199609;LFLW;AURILLAC;MT;1214;633;581;0;0;0;108;0
199609;LFLX;CHATEAUROUX-DEOLS;MT;3027;337;149;10;244,4;8,6;31;9
199609;LFMH;ST-ETIENNE-LOIRE;MT;7685;3817;3817;30;1,5;0,6;309;0
199609;LFML;MARSEILLE-PROVENCE;MT;537637;223050;245228;17589;2379,9;2797,1;6228;695
199609;LFMN;"NICE-COTE D'AZUR";MT;650116;316764;304487;6978;1211,2;977,5;12410;163
199609;LFMP;PERPIGNAN-RIVESALTES;MT;41767;22999;18608;160;0;0;471;0
199609;LFMT;MONTPELLIER-MEDITERRANEE;MT;139846;67188;63503;583;430,7;426,5;2091;81
199609;LFMU;BEZIERS-VIAS;MT;5806;3081;2717;2;0,4;0,2;197;0
199609;LFMV;AVIGNON-CAUMONT;MT;12171;6228;5919;0;1,3;1,1;242;0
199609;LFOB;BEAUVAIS-TILLE;MT;6262;3148;3114;0;0;0;57;0
199609;LFOH;LE HAVRE-OCTEVILLE;MT;9806;4110;3879;1806;0;1,1;798;0
199609;LFOP;ROUEN-VALLEE DE SEINE;MT;2837;1495;1342;0;0;0;383;0
199609;LFOT;TOURS-VAL DE LOIRE;MT;1905;877;1010;18;0;0;138;0
199609;LFPG;PARIS-CHARLES DE GAULLE;MT;3970812;1466549;1509534;31271;50884,2;45461,7;29203;2214
199609;LFPO;PARIS-ORLY;MT;2622942;1101845;1270477;1848;13875,9;11001,3;20997;87
199609;LFQQ;LILLE-LESQUIN;MT;92317;42760;47876;1144;36,3;17,3;1827;14
199609;LFRB;BREST-BRETAGNE;MT;55072;26918;25147;842;93,3;123,3;955;43
199609;LFRC;CHERBOURG-MAUPERTUS;MT;2761;1274;1339;121;2,5;0,2;254;0
199609;LFRD;DINARD-PLEURTUIT-ST-MALO;MT;3093;1561;1523;0;0,8;0;337;0
199609;LFRG;DEAUVILLE-NORMANDIE;MT;3740;1285;1842;613;0;0;291;0
199609;LFRH;LORIENT-LANN-BIHOUE;MT;16407;8563;7771;0;1,7;5,6;196;0
199609;LFRK;CAEN-CARPIQUET;MT;4761;2279;2387;91;0,3;0,1;240;2
199609;LFRN;RENNES-ST-JACQUES;MT;29417;11262;11376;207;312,4;344,8;1236;84
199609;LFRO;LANNION;MT;3869;1964;1905;0;0;0;112;0
199609;LFRQ;QUIMPER-PLUGUFFAN;MT;13513;6478;6149;739;7,8;6,9;233;0
199609;LFRS;NANTES-ATLANTIQUE;MT;141753;64684;63617;5537;398,6;392,9;2692;154
199609;LFRT;ST-BRIEUC-ARMOR;MT;1985;1008;971;6;0;0;144;0
199609;LFSB;BALE-MULHOUSE;MT;257437;116651;117060;3553;1077,3;940,1;5587;378
199609;LFSD;DIJON-LONGVIC;MT;2094;1027;1067;0;0;0;256;0
199609;LFSG;EPINAL-MIRECOURT;MT;2122;1061;1056;0;0,3;0,2;180;1
199609;LFSR;REIMS-CHAMPAGNE;MT;1596;876;591;129;0;0;123;0
199609;LFST;STRASBOURG-ENTZHEIM;MT;191713;81635;98809;1717;565,9;389,4;3061;124
199609;LFTH;TOULON-HYERES;MT;70344;37072;31895;147;67,8;55,2;810;20
199609;LFTW;NIMES-GARONS;MT;25083;12872;11888;0;6,9;25,4;248;0
199609;LFVP;ST-PIERRE-POINTE BLANCHE;OM;2964;1377;1409;0;2,5;15,3;282;0
199609;NLWW;WALLIS-HIHIFO;OM;3434;1131;1460;649;2,7;16,7;123;0
199609;NTAA;"TAHITI FAA'A";OM;90068;41029;41580;1192;152,9;473,9;2969;0
199609;NTGI;MANIHI;OM;1281;568;593;25;2,2;7,3;52;0
199609;NTGM;MAKEMO;OM;2596;1124;1136;275;0,8;5,3;80;0
199609;NTMD;NUKU HIVA;OM;1113;446;441;150;3,2;4,4;69;0
199609;NTTB;BORA BORA;OM;12525;6021;5988;397;2,9;9;364;0
199609;NTTE;TETIAROA;OM;1055;518;537;0;0;0;114;0
199609;NTTG;RANGIROA;OM;5341;1931;2001;1146;10,1;16,1;246;0
199609;NTTH;HUAHINE;OM;11434;3393;3196;4739;3,4;7,2;401;0
199609;NTTM;MOOREA;OM;16965;8247;8279;436;0,1;0,2;1894;0
199609;NTTO;HAO;OM;1361;465;513;319;1,8;4,6;68;0
199609;NTTP;MAUPITI;OM;1024;472;503;0;1,1;3,8;38;0
199609;NTTR;RAIATEA;OM;9244;3235;3330;2503;5,9;11,8;312;0
199609;NWWE;ILE DES PINS;OM;6992;3425;3393;0;4,6;12,8;256;0
199609;NWWL;LIFOU;OM;11937;5676;5430;471;6,7;29,3;404;0
199609;NWWM;NOUMEA MAGENTA;OM;27704;13300;13554;0;66,6;18,4;1099;0
199609;NWWR;MARE;OM;6633;3064;3179;161;7,3;15,6;221;0
199609;NWWV;OUVEA;OM;4458;2112;2017;179;3,7;11,3;184;0
199609;NWWW;NOUMEA LA TONTOUTA;OM;32061;13783;14208;155;96,7;294,8;295;9
199609;SOCA;CAYENNE-FELIX EBOUE;OM;35376;13505;15850;1493;160,8;292;897;95
199609;SOOA;MARIPASOULA;OM;1353;503;572;0;26,6;1,2;124;62
199609;SOOG;"ST-GEORGES-DE-L'OYAPOCK";OM;1954;917;966;0;6,8;0,3;187;14
199609;TFFF;MARTINIQUE-AIME CESAIRE;OM;103531;49203;36451;6604;405,3;722;1779;15
199609;TFFG;ST-MARTIN-GRAND-CASE;OM;5265;2667;2357;0;7,9;16,1;673;76
199609;TFFJ;ST-BARTHELEMY;OM;8760;4129;3771;540;1,9;30;1702;8
199609;TFFM;MARIE-GALANTE;OM;1179;572;572;20;0,2;1,4;146;0
199609;TFFR;GUADELOUPE-MARYSE CONDE;OM;120774;56802;41693;11696;293,2;765,2;2592;195
199609;ZZMT; AUTRES APT (MT);MT;10055;5792;3716;60;15;33,7;1690;32
199609;ZZOM; AUTRES APT (OM);OM;12586;4629;4378;2305;68,4;58,7;1375;15
199610;FMCZ;MAYOTTE-MARCEL HENRY;OM;5700;2344;2140;586;7;56;110;0
199610;FMEE;LA REUNION-ROLAND GARROS;OM;124071;49804;52828;766;474,7;1592,6;894;30
199610;LFBA;AGEN-LA GARENNE;MT;2781;1363;1418;0;0;0;166;0
199610;LFBD;BORDEAUX-MERIGNAC;MT;245059;109734;109666;6401;894,2;1031,7;3154;279
199610;LFBE;BERGERAC-DORDOGNE-PERIGORD;MT;1466;752;714;0;0;0;150;0
199610;LFBH;LA ROCHELLE-ILE DE RE;MT;2963;1480;1483;0;0;0;177;0
199610;LFBI;POITIERS-BIARD;MT;10799;2541;2485;715;254,9;251;375;42
199610;LFBL;LIMOGES-BELLEGARDE;MT;11990;5112;5177;41;81,6;84,4;424;44
199610;LFBO;TOULOUSE-BLAGNAC;MT;393243;174540;174068;8183;1130,3;2514,9;4769;426
199610;LFBP;PAU-PYRENEES;MT;51844;23740;24023;2703;76,3;61,5;994;43
199610;LFBT;TARBES-LOURDES-PYRENEES;MT;33171;17752;15347;43;0,3;2,7;379;0
199610;LFBU;ANGOULEME-BRIE-CHAMPNIERS;MT;1707;796;900;9;0,2;0;106;1
199610;LFBV;BRIVE-LA-ROCHE;MT;3658;1822;1836;0;0;0;131;0
199610;LFBX;PERIGUEUX-BASSILLAC;MT;3177;1485;1573;119;0;0;213;2
199610;LFBZ;BIARRITZ-PAYS-BASQUE;MT;49119;24016;24161;323;35,3;26,6;567;0
199610;LFCK;CASTRES-MAZAMET;MT;3259;1624;1615;20;0;0;180;0
199610;LFCR;RODEZ-AVEYRON;MT;7171;3077;3205;883;0,7;0;323;1
199610;LFEC;OUESSANT;MT;1041;932;0;0;10,9;0;188;0
199610;LFGJ;DOLE-TAVAUX;MT;2102;114;158;3;92,3;90,5;29;43
199610;LFJL;METZ-NANCY-LORRAINE;MT;24747;10531;10227;422;161,1;195,7;783;89
199610;LFKB;BASTIA-PORETTA;MT;54773;24277;23641;347;178,8;472,1;931;136
199610;LFKC;CALVI-STE-CATHERINE;MT;10915;5743;5108;16;1,2;3,6;281;1
199610;LFKF;FIGARI-SUD-CORSE;MT;9998;5136;4858;4;0;0;268;0
199610;LFKJ;AJACCIO-NAPOLEON-BONAPARTE;MT;49497;23161;22327;219;54,7;324,2;894;183
199610;LFLB;CHAMBERY-AIX-LES-BAINS;MT;3411;1856;1553;2;0;0;157;0
199610;LFLC;CLERMONT-FERRAND-AUVERGNE;MT;49848;21693;21890;2827;124;219,9;1726;57
199610;LFLL;LYON-ST-EXUPERY;MT;425866;190566;193014;9858;1519,6;1723,2;6449;809
199610;LFLO;ROANNE;MT;1369;741;628;0;0;0;95;0
199610;LFLP;ANNECY-MEYTHET;MT;5048;2433;2600;0;1,5;0;150;0
199610;LFLS;GRENOBLE-ALPES-ISERE;MT;24664;11855;12562;46;9,6;10,5;314;0
199610;LFLW;AURILLAC;MT;1348;704;644;0;0;0;107;0
199610;LFLX;CHATEAUROUX-DEOLS;MT;1027;82;75;0;63,5;23,5;34;0
199610;LFMH;ST-ETIENNE-LOIRE;MT;9209;4454;4694;23;1,6;2,2;290;0
199610;LFML;MARSEILLE-PROVENCE;MT;515888;224597;223748;13821;2540,5;2831,8;6148;713
199610;LFMN;"NICE-COTE D'AZUR";MT;585355;283897;272821;3717;1316;1175,9;12460;183
199610;LFMP;PERPIGNAN-RIVESALTES;MT;32160;16122;16013;25;0;0;418;0
199610;LFMT;MONTPELLIER-MEDITERRANEE;MT;134830;62910;61847;351;463,7;508,5;1926;86
199610;LFMU;BEZIERS-VIAS;MT;5391;2676;2698;0;1;0,7;163;0
199610;LFMV;AVIGNON-CAUMONT;MT;12121;6093;6009;0;0,9;1;240;0
199610;LFOB;BEAUVAIS-TILLE;MT;6798;3272;3196;0;6;27;65;0
199610;LFOH;LE HAVRE-OCTEVILLE;MT;8142;3312;3115;1714;0;0,1;799;0
199610;LFOP;ROUEN-VALLEE DE SEINE;MT;3645;1900;1694;0;0,2;4,9;474;2
199610;LFOT;TOURS-VAL DE LOIRE;MT;3543;1837;1704;0;0,2;0;159;0
199610;LFPG;PARIS-CHARLES DE GAULLE;MT;3843378;1453633;1371862;21703;53663,1;45954,9;28404;2423
199610;LFPO;PARIS-ORLY;MT;2500529;1139233;1099299;1163;14678,5;11405;20315;97
199610;LFQQ;LILLE-LESQUIN;MT;72293;33411;38021;220;38,6;25,5;1679;6
199610;LFRB;BREST-BRETAGNE;MT;53219;24535;25637;485;122,5;133,7;912;43
199610;LFRC;CHERBOURG-MAUPERTUS;MT;2735;1358;1362;0;1;0,5;276;0
199610;LFRD;DINARD-PLEURTUIT-ST-MALO;MT;3297;1707;1566;0;2,2;0,2;322;0
199610;LFRG;DEAUVILLE-NORMANDIE;MT;2106;1113;335;408;0;25;223;0
199610;LFRH;LORIENT-LANN-BIHOUE;MT;16875;8224;8552;0;2,5;7,4;207;0
199610;LFRK;CAEN-CARPIQUET;MT;3844;1829;1962;48;0,2;0,3;223;3
199610;LFRN;RENNES-ST-JACQUES;MT;29689;11119;10964;186;358,5;383,5;1279;86
199610;LFRO;LANNION;MT;4306;2160;2145;0;0,1;0;109;0
199610;LFRQ;QUIMPER-PLUGUFFAN;MT;11998;5655;5811;443;7,2;1,8;181;0
199610;LFRS;NANTES-ATLANTIQUE;MT;118069;51082;54272;3917;425,3;454,6;2489;175
199610;LFRT;ST-BRIEUC-ARMOR;MT;1665;816;849;0;0;0;148;0
199610;LFSB;BALE-MULHOUSE;MT;252052;107707;120302;2262;1113;1065,1;5701;404
199610;LFSD;DIJON-LONGVIC;MT;1691;800;826;65;0;0;207;2
199610;LFSG;EPINAL-MIRECOURT;MT;1337;685;638;0;1;0,4;145;2
199610;LFSR;REIMS-CHAMPAGNE;MT;2532;1296;1236;0;0;0;2;130
199610;LFST;STRASBOURG-ENTZHEIM;MT;197094;92800;93300;728;588,1;438,5;3098;133
199610;LFTH;TOULON-HYERES;MT;58845;28840;29153;0;43,9;41,3;698;9
199610;LFTW;NIMES-GARONS;MT;29100;14223;14484;1;13;26,3;266;0
199610;LFVP;ST-PIERRE-POINTE BLANCHE;OM;2722;1278;1184;0;3,1;22,9;282;0
199610;NLWW;WALLIS-HIHIFO;OM;2403;861;934;368;3,9;20,1;96;0
199610;NTAA;"TAHITI FAA'A";OM;94083;42836;43239;1309;171,6;498,4;2894;0
199610;NTGI;MANIHI;OM;1683;787;744;60;1,7;7,5;56;0
199610;NTGM;MAKEMO;OM;2835;1248;1272;224;1;8,2;92;0
199610;NTMD;NUKU HIVA;OM;1316;503;515;214;3,1;5,3;76;0
199610;NTTB;BORA BORA;OM;14040;6699;6407;817;2,7;9,1;374;0
199610;NTTE;TETIAROA;OM;1189;596;593;0;0;0;120;0
199610;NTTG;RANGIROA;OM;6565;2469;2399;1433;10,6;15,8;251;0
199610;NTTH;HUAHINE;OM;13316;3983;3850;5378;3,7;6,9;428;0
199610;NTTM;MOOREA;OM;15414;7848;7078;484;0,1;0,3;1784;0
199610;NTTO;HAO;OM;1376;467;463;358;2,8;6;66;0
199610;NTTP;MAUPITI;OM;1370;663;656;0;1,6;3,5;38;0
199610;NTTR;RAIATEA;OM;11475;4277;4214;2781;6,6;13,7;338;0
199610;NWWE;ILE DES PINS;OM;7340;3509;3644;0;4,4;14,3;280;0
199610;NWWL;LIFOU;OM;7953;3559;3572;474;7,9;26,9;314;0
199610;NWWM;NOUMEA MAGENTA;OM;23081;11257;10902;0;72,4;19,7;1052;0
199610;NWWR;MARE;OM;3998;1748;1859;155;5,2;18,5;181;0
199610;NWWV;OUVEA;OM;4015;1848;1822;175;4;13,1;186;0
199610;NWWW;NOUMEA LA TONTOUTA;OM;30706;12662;13552;63;87;355,8;285;6
199610;SOCA;CAYENNE-FELIX EBOUE;OM;31222;12419;12688;866;129,3;395,7;935;93
199610;SOOA;MARIPASOULA;OM;1358;535;541;0;28;0,2;148;58
199610;SOOG;"ST-GEORGES-DE-L'OYAPOCK";OM;1761;832;863;0;6,3;0,3;202;12
199610;TFFF;MARTINIQUE-AIME CESAIRE;OM;97896;37089;42438;7088;336;792,2;1747;5
199610;TFFG;ST-MARTIN-GRAND-CASE;OM;5510;2842;2400;0;10,1;16,6;767;64
199610;TFFJ;ST-BARTHELEMY;OM;9968;4487;5481;0;0;0;2032;10
199610;TFFM;MARIE-GALANTE;OM;1336;618;682;24;0,2;1;160;0
199610;TFFR;GUADELOUPE-MARYSE CONDE;OM;113439;41950;48448;12019;214,1;888,1;2609;229
199610;ZZMT; AUTRES APT (MT);MT;8809;4404;3501;82;8,2;73,9;1296;39
199610;ZZOM; AUTRES APT (OM);OM;14558;5498;5272;2420;73,9;63;1522;16
199611;FMCZ;MAYOTTE-MARCEL HENRY;OM;6326;2339;2544;691;5,1;70,2;116;0
199611;FMEE;LA REUNION-ROLAND GARROS;OM;130706;53052;56775;2720;441,5;1374,4;945;26
199611;LFBA;AGEN-LA GARENNE;MT;2273;1195;1077;0;0,1;0,1;151;0
199611;LFBD;BORDEAUX-MERIGNAC;MT;198986;87630;86971;3772;1104,3;957;2831;222
199611;LFBE;BERGERAC-DORDOGNE-PERIGORD;MT;1349;702;647;0;0;0;143;0
199611;LFBH;LA ROCHELLE-ILE DE RE;MT;2037;1066;968;3;0;0;115;0
199611;LFBI;POITIERS-BIARD;MT;8399;1602;1802;580;221,4;220,1;274;38
199611;LFBL;LIMOGES-BELLEGARDE;MT;9748;4208;4080;41;71,8;70,1;352;36
199611;LFBO;TOULOUSE-BLAGNAC;MT;356495;156353;155566;7885;1140,5;2528,6;4907;419
199611;LFBP;PAU-PYRENEES;MT;46901;22576;21338;1591;83,2;56,4;957;37
199611;LFBT;TARBES-LOURDES-PYRENEES;MT;8555;4494;4029;0;1,8;1,5;127;0
199611;LFBU;ANGOULEME-BRIE-CHAMPNIERS;MT;1315;624;636;3;5,2;0;98;8
199611;LFBV;BRIVE-LA-ROCHE;MT;3059;1515;1544;0;0;0;129;0
199611;LFBX;PERIGUEUX-BASSILLAC;MT;3468;1695;1658;115;0;0;206;0
199611;LFBZ;BIARRITZ-PAYS-BASQUE;MT;38045;19455;17741;33;48,5;33,1;424;0
199611;LFCK;CASTRES-MAZAMET;MT;2315;1163;1100;52;0;0;172;0
199611;LFCR;RODEZ-AVEYRON;MT;7819;3076;2799;1939;0,5;0;342;0
199611;LFGJ;DOLE-TAVAUX;MT;1602;48;44;6;76,6;73,9;14;42
199611;LFJL;METZ-NANCY-LORRAINE;MT;19163;7994;8071;349;117,7;157,2;589;67
199611;LFKB;BASTIA-PORETTA;MT;48468;21794;19767;870;164,3;439,4;872;125
199611;LFKC;CALVI-STE-CATHERINE;MT;5505;3236;2222;0;0,8;3,8;153;0
199611;LFKF;FIGARI-SUD-CORSE;MT;7440;4082;3357;1;0;0;234;0
199611;LFKJ;AJACCIO-NAPOLEON-BONAPARTE;MT;43693;20803;19217;420;53,3;272;817;147
199611;LFLB;CHAMBERY-AIX-LES-BAINS;MT;2360;1243;1110;7;0;0;107;0
199611;LFLC;CLERMONT-FERRAND-AUVERGNE;MT;40766;18013;17790;1773;216,8;102,2;1508;46
199611;LFLL;LYON-ST-EXUPERY;MT;356407;151379;164481;8186;1659,4;1576,7;6288;778
199611;LFLP;ANNECY-MEYTHET;MT;3892;1847;2039;0;0,6;0;118;0
199611;LFLS;GRENOBLE-ALPES-ISERE;MT;19660;9666;9785;0;8,8;12,2;267;0
199611;LFMH;ST-ETIENNE-LOIRE;MT;6647;3264;3319;21;3,2;1,1;264;0
199611;LFML;MARSEILLE-PROVENCE;MT;454661;191068;198472;11938;2523,9;2794,4;5765;672
199611;LFMN;"NICE-COTE D'AZUR";MT;460874;219890;212498;4329;1372,3;1043,4;11045;164
199611;LFMP;PERPIGNAN-RIVESALTES;MT;24837;12945;11878;14;0;0;352;0
199611;LFMT;MONTPELLIER-MEDITERRANEE;MT;110495;51333;50331;292;416,1;437,8;1470;63
199611;LFMU;BEZIERS-VIAS;MT;5227;2748;2463;0;0,9;0,8;138;0
199611;LFMV;AVIGNON-CAUMONT;MT;9162;4647;4499;0;0,8;0,9;195;0
199611;LFOB;BEAUVAIS-TILLE;MT;4150;1588;1469;0;89,5;19,8;52;0
199611;LFOH;LE HAVRE-OCTEVILLE;MT;6451;2638;2425;1387;0,1;0,1;644;0
199611;LFOP;ROUEN-VALLEE DE SEINE;MT;2773;1459;1189;0;6,5;6;361;0
199611;LFOT;TOURS-VAL DE LOIRE;MT;1163;536;462;0;15;1,5;96;5
199611;LFPG;PARIS-CHARLES DE GAULLE;MT;3396353;1164108;1191758;14016;55062,1;47585,1;27163;2434
199611;LFPO;PARIS-ORLY;MT;2193420;940966;984710;2403;14794,6;11739,5;18287;142
199611;LFQQ;LILLE-LESQUIN;MT;47708;21818;25096;19;27,5;50;1215;37
199611;LFRB;BREST-BRETAGNE;MT;46000;22468;21640;114;84,8;93,1;850;34
199611;LFRC;CHERBOURG-MAUPERTUS;MT;1919;910;926;0;7,5;0,8;184;0
199611;LFRD;DINARD-PLEURTUIT-ST-MALO;MT;1854;968;873;0;1;0,3;188;0
199611;LFRH;LORIENT-LANN-BIHOUE;MT;14763;7637;7004;0;4,1;8,1;246;0
199611;LFRK;CAEN-CARPIQUET;MT;2986;1479;1401;24;1,9;6,3;192;10
199611;LFRN;RENNES-ST-JACQUES;MT;26454;10038;9785;357;316,1;311,4;1158;89
199611;LFRO;LANNION;MT;3593;1845;1748;0;0;0;93;0
199611;LFRQ;QUIMPER-PLUGUFFAN;MT;9554;4614;4323;544;6;1,3;156;0
199611;LFRS;NANTES-ATLANTIQUE;MT;86841;36850;37285;5338;355,5;381,3;2251;156
199611;LFRT;ST-BRIEUC-ARMOR;MT;1074;529;526;19;0;0;110;0
199611;LFRZ;ST-NAZAIRE-MONTOIR;MT;5414;55;63;57;325,6;198,3;39;40
199611;LFSB;BALE-MULHOUSE;MT;197474;84992;89024;2375;1135,8;972,4;5360;400
199611;LFSD;DIJON-LONGVIC;MT;1252;607;628;7;1,1;0;159;0
199611;LFSR;REIMS-CHAMPAGNE;MT;1065;509;498;58;0;0;4;109
199611;LFST;STRASBOURG-ENTZHEIM;MT;165314;76916;79279;544;477,6;380;2757;89
199611;LFTH;TOULON-HYERES;MT;41427;21248;20177;0;0,1;0,1;624;0
199611;LFTW;NIMES-GARONS;MT;22294;11539;10523;0;7,4;15,8;219;0
199611;LFVM;MIQUELON;OM;1111;506;605;0;0;0;177;0
199611;LFVP;ST-PIERRE-POINTE BLANCHE;OM;3265;1411;1602;0;4,2;21;303;0
199611;NLWW;WALLIS-HIHIFO;OM;2460;1049;763;445;3,8;16,5;94;0
199611;NTAA;"TAHITI FAA'A";OM;83560;37109;37779;1672;198,6;501,3;2817;0
199611;NTGI;MANIHI;OM;1643;717;740;77;2,3;8,6;68;0
199611;NTGM;MAKEMO;OM;2037;927;936;122;0,4;4,8;62;0
199611;NTMD;NUKU HIVA;OM;1185;484;465;158;3,2;4,6;75;0
199611;NTTB;BORA BORA;OM;12984;6486;5684;672;3,9;10,3;406;0
199611;NTTG;RANGIROA;OM;6013;2170;2060;1456;15,1;17,5;264;0
199611;NTTH;HUAHINE;OM;11571;3059;3176;5224;4,2;7;408;0
199611;NTTM;MOOREA;OM;13938;6905;6567;461;0,2;0,2;1702;0
199611;NTTO;HAO;OM;1336;392;402;452;3,3;5,7;60;0
199611;NTTP;MAUPITI;OM;1113;535;537;0;1,3;2,8;40;0
199611;NTTR;RAIATEA;OM;10302;3967;3832;2296;6,3;14,4;336;0
199611;NWWE;ILE DES PINS;OM;8543;4320;4010;0;5,9;15,5;290;0
199611;NWWL;LIFOU;OM;8076;3644;3566;542;5,8;26,6;308;0
199611;NWWM;NOUMEA MAGENTA;OM;24222;11494;11833;0;70,9;18,6;1035;0
199611;NWWR;MARE;OM;3998;1737;1811;246;4,3;16,1;159;0
199611;NWWV;OUVEA;OM;3895;1794;1807;137;3,5;12,2;182;0
199611;NWWW;NOUMEA LA TONTOUTA;OM;32020;14136;13806;51;85,6;317,1;278;6
199611;SOCA;CAYENNE-FELIX EBOUE;OM;29920;12509;12455;751;112,3;308,3;859;92
199611;SOOA;MARIPASOULA;OM;1334;535;556;0;23,2;1,1;139;56
199611;SOOG;"ST-GEORGES-DE-L'OYAPOCK";OM;1740;793;878;0;6,6;0,2;186;18
199611;TFFF;MARTINIQUE-AIME CESAIRE;OM;122597;50338;53742;7540;289,6;808,1;2014;18
199611;TFFG;ST-MARTIN-GRAND-CASE;OM;6055;3050;2697;0;12,6;18,2;806;81
199611;TFFJ;ST-BARTHELEMY;OM;12815;6159;6656;0;0;0;2361;18
199611;TFFM;MARIE-GALANTE;OM;1438;695;710;25;0,2;0,7;158;0
199611;TFFR;GUADELOUPE-MARYSE CONDE;OM;141264;57134;60286;12244;217,2;942,7;2830;207
199611;ZZMT; AUTRES APT (MT);MT;11511;5499;3892;178;144,8;49,2;1614;76
199611;ZZOM; AUTRES APT (OM);OM;13650;4945;4851;2464;76,7;62,3;1425;14
199612;FMCZ;MAYOTTE-MARCEL HENRY;OM;7773;3307;3076;680;9;62;117;0
199612;FMEE;LA REUNION-ROLAND GARROS;OM;151716;69001;56137;2434;879,9;1534,5;979;26
199612;LFBA;AGEN-LA GARENNE;MT;2223;1085;1118;18;0,2;0;149;1
199612;LFBD;BORDEAUX-MERIGNAC;MT;212625;94471;94508;5139;992,6;858,1;2874;229
199612;LFBE;BERGERAC-DORDOGNE-PERIGORD;MT;1195;584;611;0;0;0;141;0
199612;LFBH;LA ROCHELLE-ILE DE RE;MT;2238;1148;1090;0;0;0;126;0
199612;LFBI;POITIERS-BIARD;MT;8020;1082;1138;427;279,5;257,9;209;76
199612;LFBL;LIMOGES-BELLEGARDE;MT;9481;3878;4043;21;77,1;76,9;372;39
199612;LFBO;TOULOUSE-BLAGNAC;MT;385530;167040;171363;9748;1163,8;2574,1;5051;414
199612;LFBP;PAU-PYRENEES;MT;50831;23185;24582;1688;75,6;62;998;36
199612;LFBT;TARBES-LOURDES-PYRENEES;MT;11784;5507;6246;0;1,2;1,9;162;0
199612;LFBU;ANGOULEME-BRIE-CHAMPNIERS;MT;1027;484;486;22;3,5;0;73;8
199612;LFBV;BRIVE-LA-ROCHE;MT;2425;1209;1216;0;0;0;96;0
199612;LFBX;PERIGUEUX-BASSILLAC;MT;2691;1269;1408;14;0;0;153;0
199612;LFBZ;BIARRITZ-PAYS-BASQUE;MT;40949;19030;21907;0;1,2;0;462;0
199612;LFCK;CASTRES-MAZAMET;MT;2536;1250;1224;62;0;0;191;0
199612;LFCR;RODEZ-AVEYRON;MT;8164;2985;2998;2175;0,6;0;375;0
199612;LFGJ;DOLE-TAVAUX;MT;1602;19;17;0;74,1;82,5;5;37
199612;LFJL;METZ-NANCY-LORRAINE;MT;18259;7138;7436;532;131,5;183,8;560;81
199612;LFKB;BASTIA-PORETTA;MT;52896;21837;24273;218;191,7;465,1;904;120
199612;LFKC;CALVI-STE-CATHERINE;MT;6876;3173;3639;0;0,1;6,3;191;0
199612;LFKF;FIGARI-SUD-CORSE;MT;8659;3892;4762;5;0;0;258;0
199612;LFKJ;AJACCIO-NAPOLEON-BONAPARTE;MT;49328;21555;23852;100;56,6;325,5;881;147
199612;LFLB;CHAMBERY-AIX-LES-BAINS;MT;5526;2311;3174;41;0;0;181;0
199612;LFLC;CLERMONT-FERRAND-AUVERGNE;MT;38455;16787;16951;1460;147,6;178,1;1295;128
199612;LFLL;LYON-ST-EXUPERY;MT;392079;172249;179311;10307;1416,6;1604,7;6487;724
199612;LFLP;ANNECY-MEYTHET;MT;4308;2022;2278;0;0,8;0;156;0
199612;LFLS;GRENOBLE-ALPES-ISERE;MT;22795;10594;12047;2;8,5;6,7;309;1
199612;LFLW;AURILLAC;MT;1140;566;574;0;0;0;109;0
199612;LFMH;ST-ETIENNE-LOIRE;MT;6898;3298;3521;25;1,9;3,5;282;0
199612;LFML;MARSEILLE-PROVENCE;MT;480890;206340;206937;11642;2623,4;2973,7;5960;680
199612;LFMN;"NICE-COTE D'AZUR";MT;476008;215747;229774;4949;1434,1;1119,7;11062;168
199612;LFMP;PERPIGNAN-RIVESALTES;MT;28799;14169;14630;0;0;0;393;0
199612;LFMT;MONTPELLIER-MEDITERRANEE;MT;114862;51863;52891;330;456,7;521,1;1486;91
199612;LFMU;BEZIERS-VIAS;MT;5883;3016;2849;0;0,7;1,1;153;0
199612;LFMV;AVIGNON-CAUMONT;MT;9327;4677;4634;0;0,7;0,9;200;0
199612;LFOB;BEAUVAIS-TILLE;MT;5181;1946;1832;429;72,2;25,2;41;0
199612;LFOH;LE HAVRE-OCTEVILLE;MT;5374;2302;1823;1247;0,1;0,1;565;0
199612;LFOP;ROUEN-VALLEE DE SEINE;MT;2176;1085;1091;0;0;0;267;0
199612;LFPG;PARIS-CHARLES DE GAULLE;MT;3406916;1207929;1187700;17081;51618,6;47802;27772;2310
199612;LFPO;PARIS-ORLY;MT;2338410;1059438;985849;1866;15588,5;13537,2;19376;181
199612;LFQQ;LILLE-LESQUIN;MT;51279;25001;25289;129;56,1;29,8;1270;40
199612;LFRB;BREST-BRETAGNE;MT;49015;23361;23460;237;91,1;104,7;843;40
199612;LFRC;CHERBOURG-MAUPERTUS;MT;1731;821;837;0;7,3;0;146;0
199612;LFRD;DINARD-PLEURTUIT-ST-MALO;MT;1497;697;792;0;0,7;0,1;184;0
199612;LFRH;LORIENT-LANN-BIHOUE;MT;15989;7752;8100;0;2,1;11,6;265;0
199612;LFRK;CAEN-CARPIQUET;MT;2429;1183;1114;131;0;0;177;0
199612;LFRN;RENNES-ST-JACQUES;MT;28073;10242;10512;258;360,6;345,6;1184;144
199612;LFRO;LANNION;MT;3011;1553;1458;0;0;0;86;0
199612;LFRQ;QUIMPER-PLUGUFFAN;MT;9773;4663;4734;281;4,9;4,6;171;0
199612;LFRS;NANTES-ATLANTIQUE;MT;85070;36836;35615;5958;308,2;357,9;2239;112
199612;LFRZ;ST-NAZAIRE-MONTOIR;MT;3983;129;128;21;243,1;127,4;36;24
199612;LFSB;BALE-MULHOUSE;MT;185727;86899;77229;2545;978,4;927;4964;342
199612;LFSD;DIJON-LONGVIC;MT;1642;898;742;2;0;0;135;0
199612;LFST;STRASBOURG-ENTZHEIM;MT;168651;80937;78705;501;476;374,8;2690;93
199612;LFTH;TOULON-HYERES;MT;44094;20944;22976;0;11,4;6;640;0
199612;LFTW;NIMES-GARONS;MT;27665;13416;13922;0;10;22,7;270;0
199612;LFVP;ST-PIERRE-POINTE BLANCHE;OM;2549;1164;1077;0;4,1;26,6;228;0
199612;NLWW;WALLIS-HIHIFO;OM;3487;1407;1349;496;4;19,5;118;0
199612;NTAA;"TAHITI FAA'A";OM;97369;45442;40792;1598;304,4;649,3;2810;2
199612;NTAR;RURUTU;OM;1708;403;737;429;3,8;10,1;48;0
199612;NTAT;TUBUAI MATAURA;OM;1588;510;667;273;3,7;10;40;0
199612;NTGC;TIKEHAU;OM;1236;260;630;148;13,5;6,3;46;0
199612;NTGF;FAKARAVA;OM;1087;436;477;35;5;8,9;63;0
199612;NTGI;MANIHI;OM;1900;800;860;108;2,6;10,6;70;0
199612;NTGM;MAKEMO;OM;2523;1182;1005;234;2,2;8,1;87;0
199612;NTMD;NUKU HIVA;OM;1728;651;825;155;3,8;5,9;73;0
199612;NTMN;HIVA OA-ATUONA;OM;1056;352;499;151;1,5;3,9;52;0
199612;NTTB;BORA BORA;OM;11199;4662;5432;903;5,3;14,9;384;0
199612;NTTG;RANGIROA;OM;6911;2258;2413;1839;15,7;24,4;299;0
199612;NTTH;HUAHINE;OM;11520;2723;3080;5589;4,1;8,7;424;0
199612;NTTM;MOOREA;OM;13065;6286;6192;582;0,1;0,4;1645;0
199612;NTTO;HAO;OM;2641;901;790;837;3,1;8,1;121;0
199612;NTTP;MAUPITI;OM;1158;439;635;0;2,4;6;40;0
199612;NTTR;RAIATEA;OM;10599;4017;4264;2072;7,2;17,4;336;0
199612;NWWE;ILE DES PINS;OM;8001;3733;4013;0;5,4;20;265;0
199612;NWWL;LIFOU;OM;9319;3864;4306;751;8,2;31,6;334;0
199612;NWWM;NOUMEA MAGENTA;OM;25577;13039;11423;0;82,2;29,3;1027;0
199612;NWWR;MARE;OM;4618;1794;2272;239;13,4;17,9;172;0
199612;NWWV;OUVEA;OM;4258;1819;2121;165;3,2;12,1;172;0
199612;NWWW;NOUMEA LA TONTOUTA;OM;37280;17253;14175;55;184,5;395,2;296;2
199612;SOCA;CAYENNE-FELIX EBOUE;OM;39998;18180;14160;977;132,8;535,3;980;105
199612;SOOA;MARIPASOULA;OM;1475;588;621;0;26,1;0,5;154;63
199612;SOOG;"ST-GEORGES-DE-L'OYAPOCK";OM;2451;1387;952;0;11,2;0,1;293;23
199612;TFFF;MARTINIQUE-AIME CESAIRE;OM;158350;62545;73502;5886;529;1112,7;2187;38
199612;TFFG;ST-MARTIN-GRAND-CASE;OM;7312;3666;3280;0;15,2;21,4;962;101
199612;TFFJ;ST-BARTHELEMY;OM;17071;7861;9210;0;0;0;2939;21
199612;TFFM;MARIE-GALANTE;OM;1651;728;895;19;0,2;0,8;162;0
199612;TFFR;GUADELOUPE-MARYSE CONDE;OM;189981;75660;84302;13583;339,7;1304;3259;294
199612;ZZMT; AUTRES APT (MT);MT;10206;4883;3646;122;93,2;62,3;1342;46
199612;ZZOM; AUTRES APT (OM);OM;12256;4595;5140;1585;44,7;49,4;1467;8
