ANMOIS;LSN_SEG;LSN_FSC;LSN_1;LSN_2;LSN_2_CONT;LSN_PEQ;LSN_PEQKT;LSN_PAX;LSN_PKT;LSN_FRP;LSN_TKT;LSN_DRT
202001;INTL;MET_INTL;MÉTROPOLE;AFRIQUE DU SUD;AFRIQUE;42101;374940391,18;36818;327861450;528,3;4707894,118;97
202001;INTL;MET_INTL;MÉTROPOLE;AFRIQUE_AUTRE;AFRIQUE;14416;70653105,17;11628;56498654;278,8;1415445,117;146
202001;INTL;MET_INTL;MÉTROPOLE;ALGÉRIE;AFRIQUE;335417;414031983,93;314971;386420489;2044,6;2761149,493;2566
202001;INTL;MET_INTL;MÉTROPOLE;ALLEMAGNE;EUROPE;891920;602609573,31;622172;429700752;26974,8;17290882,131;8451
202001;INTL;MET_INTL;MÉTROPOLE;AMÉRIQUE_AUTRE;AMÉRIQUE;3480;25274605,2;3320;24095373;16;117923,22;28
202001;INTL;MET_INTL;MÉTROPOLE;ANGOLA;AFRIQUE;7531;49148219,64;5669;36995894;186,1;1215232,564;27
202001;INTL;MET_INTL;MÉTROPOLE;ARABIE SAOUDITE;ASIE;37926;172299280,36;25660;116678241;1226,6;5562103,936;169
202001;INTL;MET_INTL;MÉTROPOLE;ARGENTINE;AMÉRIQUE;18197;202224372,3;16102;178941526;209,5;2328284,63;60
202001;INTL;MET_INTL;MÉTROPOLE;ASIE_AUTRE;ASIE;3721;15666975,81;2567;10778833;115,4;488814,281;20
202001;INTL;MET_INTL;MÉTROPOLE;AUTRICHE;EUROPE;107162;106066280,22;99414;98032371;774,8;803390,922;1041
202001;INTL;MET_INTL;MÉTROPOLE;BAHREÏN;ASIE;6167;29766098,87;5618;27116993;54,9;264910,587;64
202001;INTL;MET_INTL;MÉTROPOLE;BELGIQUE;EUROPE;176853;117328560,91;145820;101763160;3103,2;1556540,091;1917
202001;INTL;MET_INTL;MÉTROPOLE;BENIN;AFRIQUE;9175;43562605,12;7961;37798818;121,4;576378,712;45
202001;INTL;MET_INTL;MÉTROPOLE;BIÉLORUSSIE;EUROPE;7040;12939356,26;6969;12807443;7,1;13191,326;87
202001;INTL;MET_INTL;MÉTROPOLE;BRÉSIL;AMÉRIQUE;124906;1146625228,33;87388;799363338;3751,8;34726189,033;304
202001;INTL;MET_INTL;MÉTROPOLE;BULGARIE;EUROPE;22218;38072237,96;21797;37337003;42,1;73523,496;179
202001;INTL;MET_INTL;MÉTROPOLE;BURKINA FASO;AFRIQUE;8342;34181132,36;5877;24076202;246,5;1010493,036;66
202001;INTL;MET_INTL;MÉTROPOLE;CAMEROUN;AFRIQUE;20267;102980183,3;16891;85854587;337,6;1712559,63;118
202001;INTL;MET_INTL;MÉTROPOLE;CANADA;AMÉRIQUE;181055;1045310054,73;144023;832216606;3703,2;21309344,873;504
202001;INTL;MET_INTL;MÉTROPOLE;CAP VERT;AFRIQUE;11172;47839693,75;8617;37114498;255,5;1072519,575;104
202001;INTL;MET_INTL;MÉTROPOLE;CHILI;AMÉRIQUE;31683;370233281,08;25952;303275072;573,1;6695820,908;89
202001;INTL;MET_INTL;MÉTROPOLE;CHINE;ASIE;428343;3810462965,81;167336;1496434368;26100,7;231402859,781;769
202001;INTL;MET_INTL;MÉTROPOLE;COLOMBIE;AMÉRIQUE;18429;159508361,1;15285;132291675;314,4;2721668,61;62
202001;INTL;MET_INTL;MÉTROPOLE;CONGO-BRAZZAVILLE (RÉP.);AFRIQUE;11030;66815353,45;8754;53025126;227,6;1379022,745;101
202001;INTL;MET_INTL;MÉTROPOLE;CONGO-KINSHASA (RÉP. DÉM.);AFRIQUE;7158;43477266,82;5449;33097226;170,9;1038004,082;62
202001;INTL;MET_INTL;MÉTROPOLE;CORÉE DU SUD;ASIE;103536;925325890,07;53200;475448400;5033,6;44987749,007;195
202001;INTL;MET_INTL;MÉTROPOLE;COSTA RICA;AMÉRIQUE;13546;121177467,75;12355;110515475;119,1;1066199,275;36
202001;INTL;MET_INTL;MÉTROPOLE;"CÔTE D'IVOIRE";AFRIQUE;41057;201122288,92;33166;162479266;789,1;3864302,292;203
202001;INTL;MET_INTL;MÉTROPOLE;CROATIE;EUROPE;12664;13672899;11752;12687345;91,2;98555,4;133
202001;INTL;MET_INTL;MÉTROPOLE;CUBA;AMÉRIQUE;40515;313367074,61;38075;294494879;244;1887219,561;104
202001;INTL;MET_INTL;MÉTROPOLE;DANEMARK;EUROPE;99147;106834820,64;90418;98063296;872,9;877152,464;812
202001;INTL;MET_INTL;MÉTROPOLE;DOMINICAINE (RÉP.);AMÉRIQUE;51564;366276576,43;47847;339777429;371,7;2649914,743;141
202001;INTL;MET_INTL;MÉTROPOLE;EGYPTE;AFRIQUE;65794;215958240,9;46463;153660785;1933,1;6229745,59;271
202001;INTL;MET_INTL;MÉTROPOLE;EMIRATS ARABES UNIS;ASIE;302222;1567147311,52;193475;1000303034;10874,7;56684427,752;625
202001;INTL;MET_INTL;MÉTROPOLE;EQUATEUR;AMÉRIQUE;6674;62510463,54;5123;47982018;155,1;1452844,554;26
202001;INTL;MET_INTL;MÉTROPOLE;ESPAGNE;EUROPE;934110;1044051942,56;904766;1015897686;2934,4;2815425,656;7033
202001;INTL;MET_INTL;MÉTROPOLE;ETATS-UNIS;AMÉRIQUE;900741;6275365466,14;548439;3840918284;35230,2;243444718,214;2804
202001;INTL;MET_INTL;MÉTROPOLE;ETHIOPIE;AFRIQUE;24163;133961091,02;18644;103153480;551,9;3080761,102;81
202001;INTL;MET_INTL;MÉTROPOLE;EUROPE_AUTRE;EUROPE;25595;63981951,25;21516;45769246;407,9;1821270,525;1234
202001;INTL;MET_INTL;MÉTROPOLE;FINLANDE;EUROPE;59882;121622437,4;52737;106947860;714,5;1467457,74;453
202001;INTL;MET_INTL;MÉTROPOLE;GABON;AFRIQUE;12033;65504395,04;9811;53411039;222,2;1209335,604;68
202001;INTL;MET_INTL;MÉTROPOLE;GEORGIE;EUROPE;6934;22007913,5;6934;22007745;0;16,85;56
202001;INTL;MET_INTL;MÉTROPOLE;GHANA;AFRIQUE;8668;41938705,18;6415;31035740;225,3;1090296,518;65
202001;INTL;MET_INTL;MÉTROPOLE;GRÈCE;EUROPE;50495;104102508,9;45721;94030023;477,3;1007248,59;327
202001;INTL;MET_INTL;MÉTROPOLE;GUINÉE (CONAKRY);AFRIQUE;9337;43323169,6;8119;37672160;121,8;565100,96;61
202001;INTL;MET_INTL;MÉTROPOLE;HONG KONG (CHINE);ASIE;86931;834540041;32852;315379049;5407,9;51916099,2;152
202001;INTL;MET_INTL;MÉTROPOLE;HONGRIE;EUROPE;78203;93061062,96;77250;91870071;95,3;119099,196;546
202001;INTL;MET_INTL;MÉTROPOLE;INDE;ASIE;126207;879236954,3;73804;517268423;5240,3;36196853,13;359
202001;INTL;MET_INTL;MÉTROPOLE;IRLANDE;EUROPE;132045;120144914,8;128295;117083428;375;306148,68;1058
202001;INTL;MET_INTL;MÉTROPOLE;ISLANDE;EUROPE;18456;41423377,28;13952;31316132;450,4;1010724,528;84
202001;INTL;MET_INTL;MÉTROPOLE;ISRAËL;ASIE;124005;399157828,56;111809;359041250;1219,6;4011657,856;761
202001;INTL;MET_INTL;MÉTROPOLE;ITALIE;EUROPE;782716;675443817,07;745945;651794579;3677,1;2364923,807;6734
202001;INTL;MET_INTL;MÉTROPOLE;JAPON;ASIE;143415;1392123024,31;83029;805967618;6038,6;58615540,631;385
202001;INTL;MET_INTL;MÉTROPOLE;JORDANIE;ASIE;13546;45670106,8;12086;40725028;146;494507,88;125
202001;INTL;MET_INTL;MÉTROPOLE;KENYA;AFRIQUE;34018;221180549,62;23093;150150686;1092,5;7102986,362;127
202001;INTL;MET_INTL;MÉTROPOLE;KOSOVO;EUROPE;29340;35150313,06;29325;35132978;1,5;1733,506;232
202001;INTL;MET_INTL;MÉTROPOLE;KOWEÏT;ASIE;14735;64976401,3;10371;45734998;436,4;1924140,33;65
202001;INTL;MET_INTL;MÉTROPOLE;LETTONIE;EUROPE;13270;22419886,52;12317;20823761;95,3;159612,552;117
202001;INTL;MET_INTL;MÉTROPOLE;LIBAN;ASIE;54771;174442760,65;44604;142002576;1016,7;3244018,465;243
202001;INTL;MET_INTL;MÉTROPOLE;LITUANIE;EUROPE;14704;25140124,56;14593;24953988;11,1;18613,656;99
202001;INTL;MET_INTL;MÉTROPOLE;LUXEMBOURG;EUROPE;24050;12401927,87;24050;12401876;0;5,187;454
202001;INTL;MET_INTL;MÉTROPOLE;MACÉDOINE DU NORD;EUROPE;17397;23479601;17397;23479601;0;0;109
202001;INTL;MET_INTL;MÉTROPOLE;MADAGASCAR;AFRIQUE;21588;188353590,52;16364;142601900;522,4;4575169,052;84
202001;INTL;MET_INTL;MÉTROPOLE;MALDIVES;ASIE;8230;68189699,74;7338;60797842;89,2;739185,774;34
202001;INTL;MET_INTL;MÉTROPOLE;MALI;AFRIQUE;15476;64602852,75;13685;57124885;179,1;747796,775;63
202001;INTL;MET_INTL;MÉTROPOLE;MALTE;EUROPE;28157;45262125,37;25380;41447616;277,7;381450,937;277
202001;INTL;MET_INTL;MÉTROPOLE;MAROC;AFRIQUE;565266;1031342462,1;548728;999805549;1653,8;3153691,31;4263
202001;INTL;MET_INTL;MÉTROPOLE;MAURICE;AFRIQUE;68925;651752644,91;55070;520728460;1385,5;13102418,491;161
202001;INTL;MET_INTL;MÉTROPOLE;MAURITANIE;AFRIQUE;5373;19834834,53;3456;12792686;191,7;704214,853;45
202001;INTL;MET_INTL;MÉTROPOLE;MEXIQUE;AMÉRIQUE;98653;880269868,33;71515;631053396;2713,8;24921647,233;225
202001;INTL;MET_INTL;MÉTROPOLE;MOLDAVIE;EUROPE;7816;15571723;7816;15571723;0;0;54
202001;INTL;MET_INTL;MÉTROPOLE;NIGER;AFRIQUE;7114;28111712,1;3789;14962049;332,5;1314966,31;55
202001;INTL;MET_INTL;MÉTROPOLE;NIGERIA;AFRIQUE;21534;101080450,26;16444;76790281;509;2429016,926;111
202001;INTL;MET_INTL;MÉTROPOLE;NORVÈGE;EUROPE;40395;56251939,27;39956;55655977;43,9;59596,227;341
202001;INTL;MET_INTL;MÉTROPOLE;OMAN;ASIE;23779;132785007,36;14851;82928040;892,8;4985696,736;64
202001;INTL;MET_INTL;MÉTROPOLE;PAKISTAN;ASIE;6054;36103235,21;4917;29319801;113,7;678343,421;26
202001;INTL;MET_INTL;MÉTROPOLE;PANAMA;AMÉRIQUE;19121;165776815,8;15767;136699890;335,4;2907692,58;62
202001;INTL;MET_INTL;MÉTROPOLE;PAYS-BAS;EUROPE;292981;188619518,1;281549;184045549;1143,2;457396,91;2819
202001;INTL;MET_INTL;MÉTROPOLE;PAYS-BAS (CARAÏBES);AMÉRIQUE;22327;150519271,17;19312;130205987;301,5;2031328,417;84
202001;INTL;MET_INTL;MÉTROPOLE;PÉROU;AMÉRIQUE;19781;203484266,64;15328;157679136;445,3;4580513,064;43
202001;INTL;MET_INTL;MÉTROPOLE;POLOGNE;EUROPE;109666;139331493,4;105422;133747871;424,4;558362,24;961
202001;INTL;MET_INTL;MÉTROPOLE;PORTUGAL;EUROPE;475499;626529190,12;473152;623182705;234,7;334648,512;3545
202001;INTL;MET_INTL;MÉTROPOLE;QATAR;ASIE;110931;548214314,27;66469;329138850;4446,2;21907546,427;288
202001;INTL;MET_INTL;MÉTROPOLE;ROUMANIE;EUROPE;93521;160819281,15;92967;159790215;55,4;102906,615;714
202001;INTL;MET_INTL;MÉTROPOLE;ROYAUME-UNI;EUROPE;962338;664553081,13;893421;634425847;6891,7;3012723,413;8701
202001;INTL;MET_INTL;MÉTROPOLE;RUSSIE (FÉD. DE);EUROPE;150293;376155083,2;109019;267153502;4127,3;10900158,12;1295
202001;INTL;MET_INTL;MÉTROPOLE;SÉNÉGAL;AFRIQUE;52071;219544827,48;42834;180556612;923,7;3898821,548;164
202001;INTL;MET_INTL;MÉTROPOLE;SERBIE;EUROPE;33125;44397386;32598;43644986;52,7;75240;271
202001;INTL;MET_INTL;MÉTROPOLE;SEYCHELLES;AFRIQUE;5315;41762552,08;5223;41041502;9,2;72105,008;28
202001;INTL;MET_INTL;MÉTROPOLE;SINGAPOUR;ASIE;68355;733784913,4;36177;388360095;3217,8;34542481,84;169
202001;INTL;MET_INTL;MÉTROPOLE;SLOVÉNIE;EUROPE;6308;5962145,45;6271;5927360;3,6;3478,545;101
202001;INTL;MET_INTL;MÉTROPOLE;SUÈDE;EUROPE;71960;108594836,54;65983;99330176;597,7;926466,054;611
202001;INTL;MET_INTL;MÉTROPOLE;SUISSE;EUROPE;275281;123060054,18;263379;117953984;1190,1;510607,018;3419
202001;INTL;MET_INTL;MÉTROPOLE;TAIWAN;ASIE;46358;454133743,6;22092;216413232;2426,6;23772051,16;82
202001;INTL;MET_INTL;MÉTROPOLE;TCHÉQUIE;EUROPE;82555;73392892,72;79166;70501137;338,9;289175,572;619
202001;INTL;MET_INTL;MÉTROPOLE;THAÏLANDE;ASIE;65473;619242665,62;47699;451137214;1777,4;16810545,162;151
202001;INTL;MET_INTL;MÉTROPOLE;TOGO;AFRIQUE;11630;55472047,2;8755;41761350;287,5;1371069,72;62
202001;INTL;MET_INTL;MÉTROPOLE;TUNISIE;AFRIQUE;231486;316217671,01;218904;299258929;1258,2;1695874,201;1798
202001;INTL;MET_INTL;MÉTROPOLE;TURQUIE;EUROPE;282124;600682676,71;216620;456675809;6550,4;14400686,771;1622
202001;INTL;MET_INTL;MÉTROPOLE;UKRAINE;EUROPE;16250;31972803,04;15333;30107503;91,7;186530,004;160
202001;INTL;MET_INTL;MÉTROPOLE;VENEZUELA;AMÉRIQUE;7663;58555962,99;6471;49444911;119,2;911105,199;38
202001;INTL;MET_INTL;MÉTROPOLE;VIET NAM;ASIE;53630;515786666,4;33779;325820832;1985,1;18996583,44;118
202001;INTL;OM_INTL;OUTRE-MER;AFRIQUE_AUTRE;AFRIQUE;12424;19392335,42;11947;18147425;47,7;124491,042;280
202001;INTL;OM_INTL;OUTRE-MER;AMÉRIQUE_AUTRE;AMÉRIQUE;14267;23606686,4;13883;21823047;38,4;178363,94;1035
202001;INTL;OM_INTL;OUTRE-MER;ASIE_AUTRE;ASIE;7482;44644528,99;6786;40285285;69,6;435924,399;42
202001;INTL;OM_INTL;OUTRE-MER;AUSTRALIE;OCÉANIE;23840;45350586,08;22828;43396640;101,2;195394,608;167
202001;INTL;OM_INTL;OUTRE-MER;CANADA;AMÉRIQUE;18294;59808597,7;18120;59645730;17,4;16286,77;178
202001;INTL;OM_INTL;OUTRE-MER;ETATS-UNIS;AMÉRIQUE;39723;208628567,65;36282;186922230;344,1;2170633,765;1099
202001;INTL;OM_INTL;OUTRE-MER;EUROPE_AUTRE;EUROPE;8656;61689958,1;8580;61165126;7,6;52483,21;58
202001;INTL;OM_INTL;OUTRE-MER;ITALIE;EUROPE;11444;83422027;11444;83422027;0;0;44
202001;INTL;OM_INTL;OUTRE-MER;JAPON;ASIE;24885;182823319,25;22672;166464500;221,3;1635881,925;99
202001;INTL;OM_INTL;OUTRE-MER;MADAGASCAR;AFRIQUE;21398;17661915,89;21087;17397138;31,1;26477,789;360
202001;INTL;OM_INTL;OUTRE-MER;MAURICE;AFRIQUE;84828;20237858,7;81721;19516702;310,7;72115,67;659
202001;INTL;OM_INTL;OUTRE-MER;NLLE ZÉLANDE;OCÉANIE;21848;69250155,48;20065;62900925;178,3;634923,048;122
202001;INTL;OM_INTL;OUTRE-MER;OCÉANIE_AUTRE;OCÉANIE;1400;1357652,11;1368;1319703;3,2;3794,911;17
202001;INTL;OM_INTL;OUTRE-MER;PAYS-BAS (CARAÏBES);AMÉRIQUE;16174;1131042,47;16058;1103990;11,6;2705,247;2617
202001;INTL;OM_INTL;OUTRE-MER;VANUATU;OCÉANIE;5803;3063989,28;5742;3031776;6,1;3221,328;67
202001;NAT;MET_OM;MÉTROPOLE;OUTRE-MER;(INTÉRIEUR);535376;4205209804,97;470694;3652763166;6468,2;55244663,897;1382
202001;NAT;MET_RAD;PARIS;PROVINCE;(INTÉRIEUR);1320433;780416831,12;1233776;730218226;8665,7;5019860,512;12408
202001;NAT;MET_TRA;PROVINCE;PROVINCE;(INTÉRIEUR);728016;401988988,77;695770;387964576;3224,6;1402441,277;11175
202001;NAT;OM_OM;OUTRE-MER;OUTRE-MER;(INTÉRIEUR);199411;101359530,52;194382;97428709;502,9;393082,152;8205
202002;INTL;MET_INTL;MÉTROPOLE;AFRIQUE DU SUD;AFRIQUE;42843;381625439,4;35646;317447126;719,7;6417831,34;91
202002;INTL;MET_INTL;MÉTROPOLE;AFRIQUE_AUTRE;AFRIQUE;14021;67100399,74;10020;48502837;400,1;1859756,274;138
202002;INTL;MET_INTL;MÉTROPOLE;ALGÉRIE;AFRIQUE;318642;393412565,89;294148;360446902;2449,4;3296566,389;2389
202002;INTL;MET_INTL;MÉTROPOLE;ALLEMAGNE;EUROPE;866338;591085414,57;633049;441085336;23328,9;15000007,857;8284
202002;INTL;MET_INTL;MÉTROPOLE;AMÉRIQUE_AUTRE;AMÉRIQUE;3605;26043941,86;3190;23049442;41,5;299449,986;19
202002;INTL;MET_INTL;MÉTROPOLE;ANGOLA;AFRIQUE;6140;40063570,82;4324;28218424;181,6;1184514,682;25
202002;INTL;MET_INTL;MÉTROPOLE;ARABIE SAOUDITE;ASIE;41630;189521121,92;21832;99324055;1979,8;9019706,692;146
202002;INTL;MET_INTL;MÉTROPOLE;ARGENTINE;AMÉRIQUE;18908;210120603,32;15810;175696530;309,8;3442407,332;59
202002;INTL;MET_INTL;MÉTROPOLE;ASIE_AUTRE;ASIE;4191;17036443,52;3014;12649956;117,7;438648,752;20
202002;INTL;MET_INTL;MÉTROPOLE;AUTRICHE;EUROPE;111080;110381972,02;103533;102434392;754,7;794758,002;993
202002;INTL;MET_INTL;MÉTROPOLE;BAHREÏN;ASIE;5640;27226210,8;5120;24714240;52;251197,08;58
202002;INTL;MET_INTL;MÉTROPOLE;BELGIQUE;EUROPE;180530;120232129,41;151358;105628596;2917,1;1460353,341;1855
202002;INTL;MET_INTL;MÉTROPOLE;BENIN;AFRIQUE;9648;45809511,16;8089;38406572;155,9;740293,916;42
202002;INTL;MET_INTL;MÉTROPOLE;BRÉSIL;AMÉRIQUE;124900;1148762944,27;79738;729233278;4516,2;41952966,627;294
202002;INTL;MET_INTL;MÉTROPOLE;BULGARIE;EUROPE;24488;40626440,16;24126;39990136;36,2;63630,416;175
202002;INTL;MET_INTL;MÉTROPOLE;BURKINA FASO;AFRIQUE;10573;42716652,37;6506;26648573;406,7;1606807,937;68
202002;INTL;MET_INTL;MÉTROPOLE;CAMEROUN;AFRIQUE;19910;101149324,4;15684;79715440;422,6;2143388,44;110
202002;INTL;MET_INTL;MÉTROPOLE;CANADA;AMÉRIQUE;170141;984662375,4;131451;761410656;3869;22325171,94;450
202002;INTL;MET_INTL;MÉTROPOLE;CAP VERT;AFRIQUE;10860;46691280,44;8982;38658653;187,8;803262,744;106
202002;INTL;MET_INTL;MÉTROPOLE;CHILI;AMÉRIQUE;28564;333803227,82;24506;286377116;405,8;4742611,182;82
202002;INTL;MET_INTL;MÉTROPOLE;CHINE;ASIE;174685;1569496756,97;43450;389965965;13123,5;117953079,197;339
202002;INTL;MET_INTL;MÉTROPOLE;COLOMBIE;AMÉRIQUE;17011;147229772,25;13483;116695365;352,8;3053440,725;58
202002;INTL;MET_INTL;MÉTROPOLE;CONGO-BRAZZAVILLE (RÉP.);AFRIQUE;10800;65407122,7;8328;50438305;247,2;1496881,77;98
202002;INTL;MET_INTL;MÉTROPOLE;CONGO-KINSHASA (RÉP. DÉM.);AFRIQUE;7144;43388491,68;5125;31129216;201,9;1225927,568;61
202002;INTL;MET_INTL;MÉTROPOLE;CORÉE DU SUD;ASIE;91880;821125929,69;43643;390037491;4823,7;43108843,869;182
202002;INTL;MET_INTL;MÉTROPOLE;COSTA RICA;AMÉRIQUE;12560;112352688,55;11713;104772785;84,7;757990,355;33
202002;INTL;MET_INTL;MÉTROPOLE;"CÔTE D'IVOIRE";AFRIQUE;42550;208418091,13;33947;166308937;860,3;4210915,413;194
202002;INTL;MET_INTL;MÉTROPOLE;CROATIE;EUROPE;16625;18353496,2;13922;15433889;270,3;291960,72;155
202002;INTL;MET_INTL;MÉTROPOLE;CUBA;AMÉRIQUE;37894;293072129,91;35657;275765342;223,7;1730678,791;100
202002;INTL;MET_INTL;MÉTROPOLE;DANEMARK;EUROPE;104658;114034758,97;96588;105924945;807;810981,397;842
202002;INTL;MET_INTL;MÉTROPOLE;DOMINICAINE (RÉP.);AMÉRIQUE;51821;368135026,77;47535;337591103;428,6;3054392,377;135
202002;INTL;MET_INTL;MÉTROPOLE;EGYPTE;AFRIQUE;73501;244687946,36;54454;182595606;1904,7;6209234,036;319
202002;INTL;MET_INTL;MÉTROPOLE;EMIRATS ARABES UNIS;ASIE;296835;1538055353,3;189452;978659605;10738,3;55939574,83;585
202002;INTL;MET_INTL;MÉTROPOLE;EQUATEUR;AMÉRIQUE;5652;52940003,76;4758;44563428;89,4;837657,576;23
202002;INTL;MET_INTL;MÉTROPOLE;ESPAGNE;EUROPE;961901;1107560789,6;929626;1075455180;3227,5;3210560,96;7033
202002;INTL;MET_INTL;MÉTROPOLE;ETATS-UNIS;AMÉRIQUE;865595;6032361318,94;491944;3449455267;37365,1;258290605,194;2556
202002;INTL;MET_INTL;MÉTROPOLE;ETHIOPIE;AFRIQUE;25455;140818832,2;19912;109862896;554,2;3095593,62;83
202002;INTL;MET_INTL;MÉTROPOLE;EUROPE_AUTRE;EUROPE;34342;82919067,44;26874;52444672;746,8;3047439,544;1149
202002;INTL;MET_INTL;MÉTROPOLE;FINLANDE;EUROPE;59821;122783034,13;53596;109905909;622,5;1287712,513;444
202002;INTL;MET_INTL;MÉTROPOLE;GABON;AFRIQUE;11369;61878232,8;8639;47021829;273;1485640,38;64
202002;INTL;MET_INTL;MÉTROPOLE;GEORGIE;EUROPE;6295;20003240,4;6291;19990704;0,4;1253,64;50
202002;INTL;MET_INTL;MÉTROPOLE;GHANA;AFRIQUE;6849;33132849,48;4676;22622488;217,3;1051036,148;62
202002;INTL;MET_INTL;MÉTROPOLE;GRÈCE;EUROPE;48172;99634681,92;44652;92199451;352;743523,092;323
202002;INTL;MET_INTL;MÉTROPOLE;GUINÉE (CONAKRY);AFRIQUE;8393;38943473,6;7488;34744320;90,5;419915,36;58
202002;INTL;MET_INTL;MÉTROPOLE;HONG KONG (CHINE);ASIE;53750;516015023;17108;164237327;3664,2;35177769,6;126
202002;INTL;MET_INTL;MÉTROPOLE;HONGRIE;EUROPE;78405;93961129,57;77381;92684419;102,4;127671,057;551
202002;INTL;MET_INTL;MÉTROPOLE;INDE;ASIE;113845;792598998,95;63779;446309237;5006,6;34628976,195;279
202002;INTL;MET_INTL;MÉTROPOLE;IRLANDE;EUROPE;130089;117531819,6;126301;114452199;378,8;307962,06;1019
202002;INTL;MET_INTL;MÉTROPOLE;ISLANDE;EUROPE;20225;45388022,36;17160;38506931;306,5;688109,136;89
202002;INTL;MET_INTL;MÉTROPOLE;ISRAËL;ASIE;123391;397122535,98;109664;351902547;1372,6;4521998,898;747
202002;INTL;MET_INTL;MÉTROPOLE;ITALIE;EUROPE;745707;651464102,55;710180;628734593;3552,7;2272950,955;6810
202002;INTL;MET_INTL;MÉTROPOLE;JAPON;ASIE;137783;1337175719,82;81053;786708284;5673;55046743,582;375
202002;INTL;MET_INTL;MÉTROPOLE;JORDANIE;ASIE;16827;56576926,4;14326;48112529;250,1;846439,74;124
202002;INTL;MET_INTL;MÉTROPOLE;KENYA;AFRIQUE;36353;236369221,62;21991;142985482;1436,2;9338373,962;112
202002;INTL;MET_INTL;MÉTROPOLE;KOSOVO;EUROPE;26178;31360836,68;26175;31357650;0,3;318,668;174
202002;INTL;MET_INTL;MÉTROPOLE;KOWEÏT;ASIE;14139;62351695,4;9227;40689599;491,2;2166209,64;64
202002;INTL;MET_INTL;MÉTROPOLE;LETTONIE;EUROPE;11618;19583083,38;10845;18290973;77,3;129211,038;103
202002;INTL;MET_INTL;MÉTROPOLE;LIBAN;ASIE;55138;175568912,53;42361;134801239;1277,7;4076767,353;224
202002;INTL;MET_INTL;MÉTROPOLE;LITUANIE;EUROPE;11974;20461381,72;11902;20339922;7,2;12145,972;76
202002;INTL;MET_INTL;MÉTROPOLE;LUXEMBOURG;EUROPE;23736;12829509,08;23727;12822279;0,9;723,008;416
202002;INTL;MET_INTL;MÉTROPOLE;MACÉDOINE DU NORD;EUROPE;15094;20410454;15094;20410454;0;0;91
202002;INTL;MET_INTL;MÉTROPOLE;MADAGASCAR;AFRIQUE;18431;160868242,16;12969;113079231;546,2;4778901,116;75
202002;INTL;MET_INTL;MÉTROPOLE;MALDIVES;ASIE;7104;58859964,38;6543;54212927;56,1;464703,738;32
202002;INTL;MET_INTL;MÉTROPOLE;MALI;AFRIQUE;17068;71258357,25;14785;61727375;228,3;953098,225;59
202002;INTL;MET_INTL;MÉTROPOLE;MALTE;EUROPE;27427;44062510,44;25478;41438605;194,9;262390,544;262
202002;INTL;MET_INTL;MÉTROPOLE;MAROC;AFRIQUE;592884;1090377534,14;578201;1062370427;1468,3;2800710,714;4177
202002;INTL;MET_INTL;MÉTROPOLE;MAURICE;AFRIQUE;67470;637935413,48;50670;479079796;1680;15885561,748;135
202002;INTL;MET_INTL;MÉTROPOLE;MAURITANIE;AFRIQUE;6289;23184166,61;3997;14778885;229,2;840528,161;43
202002;INTL;MET_INTL;MÉTROPOLE;MEXIQUE;AMÉRIQUE;94537;844208630,54;62860;553162787;3167,6;29104584,354;193
202002;INTL;MET_INTL;MÉTROPOLE;MOLDAVIE;EUROPE;6184;12325780;6184;12325780;0;0;43
202002;INTL;MET_INTL;MÉTROPOLE;NIGER;AFRIQUE;7278;28779494,78;3443;13617049;383,5;1516244,578;52
202002;INTL;MET_INTL;MÉTROPOLE;NIGERIA;AFRIQUE;21207;99791188,01;13343;62356256;786,4;3743493,201;108
202002;INTL;MET_INTL;MÉTROPOLE;NORVÈGE;EUROPE;44960;62643302,39;44359;61826258;60,1;81704,439;331
202002;INTL;MET_INTL;MÉTROPOLE;OMAN;ASIE;24532;136988865,76;14571;81364464;996,1;5562440,176;58
202002;INTL;MET_INTL;MÉTROPOLE;PAKISTAN;ASIE;7711;45898080,83;5716;34056197;199,5;1184188,383;24
202002;INTL;MET_INTL;MÉTROPOLE;PANAMA;AMÉRIQUE;18463;160074816,9;14823;128515410;364;3155940,69;58
202002;INTL;MET_INTL;MÉTROPOLE;PAYS-BAS;EUROPE;284556;184047605,3;272296;179135107;1226;491249,83;2652
202002;INTL;MET_INTL;MÉTROPOLE;PAYS-BAS (CARAÏBES);AMÉRIQUE;22061;148722276,86;18800;126748656;326,1;2197362,086;74
202002;INTL;MET_INTL;MÉTROPOLE;PÉROU;AMÉRIQUE;18729;192663577,08;14370;147824190;435,9;4483938,708;42
202002;INTL;MET_INTL;MÉTROPOLE;POLOGNE;EUROPE;115665;146860065,26;111464;141308935;420,1;555113,026;944
202002;INTL;MET_INTL;MÉTROPOLE;PORTUGAL;EUROPE;527668;691441247,25;524740;687234925;292,8;420632,225;3652
202002;INTL;MET_INTL;MÉTROPOLE;QATAR;ASIE;113142;558178347,81;71850;355789496;4129,2;20238885,181;286
202002;INTL;MET_INTL;MÉTROPOLE;ROUMANIE;EUROPE;84080;144338642,61;83534;143328072;54,6;101057,061;644
202002;INTL;MET_INTL;MÉTROPOLE;ROYAUME-UNI;EUROPE;1000796;706271272,39;935630;677567937;6516,5;2870333,539;9140
202002;INTL;MET_INTL;MÉTROPOLE;RUSSIE (FÉD. DE);EUROPE;118597;302564808,46;105631;257731048;1296,6;4483376,046;1122
202002;INTL;MET_INTL;MÉTROPOLE;SÉNÉGAL;AFRIQUE;50628;213136778,9;39648;167074718;1098;4606206,09;146
202002;INTL;MET_INTL;MÉTROPOLE;SERBIE;EUROPE;28176;37665876,5;27580;36816030;59,6;84984,65;250
202002;INTL;MET_INTL;MÉTROPOLE;SEYCHELLES;AFRIQUE;5356;42084431,36;5137;40364158;21,9;172027,336;26
202002;INTL;MET_INTL;MÉTROPOLE;SINGAPOUR;ASIE;59752;641429990,8;29862;320568570;2989;32086142,08;158
202002;INTL;MET_INTL;MÉTROPOLE;SLOVÉNIE;EUROPE;6391;6039962,6;6379;6028169;1,2;1179,36;100
202002;INTL;MET_INTL;MÉTROPOLE;SUÈDE;EUROPE;69153;105226997,15;62868;95487657;628,5;973934,015;580
202002;INTL;MET_INTL;MÉTROPOLE;SUISSE;EUROPE;250243;112190245,83;239728;107820516;1051,5;436972,983;3144
202002;INTL;MET_INTL;MÉTROPOLE;TAIWAN;ASIE;39930;391161137,2;15773;154512308;2415,7;23664882,92;74
202002;INTL;MET_INTL;MÉTROPOLE;TCHÉQUIE;EUROPE;88513;77965319,39;85601;75481265;291,2;248405,439;632
202002;INTL;MET_INTL;MÉTROPOLE;THAÏLANDE;ASIE;62275;588989171,86;45521;430537690;1675,4;15845148,186;143
202002;INTL;MET_INTL;MÉTROPOLE;TOGO;AFRIQUE;11500;54541210,04;7807;37239374;369,3;1730183,604;62
202002;INTL;MET_INTL;MÉTROPOLE;TUNISIE;AFRIQUE;243251;337556652,8;229297;318436384;1395,4;1912026,88;1804
202002;INTL;MET_INTL;MÉTROPOLE;TURQUIE;EUROPE;287862;615718971,46;215239;456145350;7262,3;15957362,146;1522
202002;INTL;MET_INTL;MÉTROPOLE;UKRAINE;EUROPE;14344;28288408,44;13165;25888980;117,9;239942,844;144
202002;INTL;MET_INTL;MÉTROPOLE;VENEZUELA;AMÉRIQUE;6471;49446146,97;5511;42109488;96;733665,897;41
202002;INTL;MET_INTL;MÉTROPOLE;VIET NAM;ASIE;50159;481338890,04;28377;273210540;2178,2;20812835,004;109
202002;INTL;OM_INTL;OUTRE-MER;AFRIQUE_AUTRE;AFRIQUE;6897;9789409,78;6552;8973509;34,5;81590,078;209
202002;INTL;OM_INTL;OUTRE-MER;AMÉRIQUE_AUTRE;AMÉRIQUE;13972;21539424,8;13722;20893298;25;64612,68;996
202002;INTL;OM_INTL;OUTRE-MER;ASIE_AUTRE;ASIE;3979;23668073,45;3448;20348039;53,1;332003,445;18
202002;INTL;OM_INTL;OUTRE-MER;AUSTRALIE;OCÉANIE;17690;33560360,3;16770;31748672;92;181168,83;141
202002;INTL;OM_INTL;OUTRE-MER;CANADA;AMÉRIQUE;20316;66033898,24;20057;65687698;25,9;34620,024;171
202002;INTL;OM_INTL;OUTRE-MER;ETATS-UNIS;AMÉRIQUE;40492;198619709,05;36330;172467723;416,2;2615198,605;1110
202002;INTL;OM_INTL;OUTRE-MER;EUROPE_AUTRE;EUROPE;8249;58885901,25;7695;55024490;55,4;386141,125;54
202002;INTL;OM_INTL;OUTRE-MER;ITALIE;EUROPE;12332;90041331;12332;90041331;0;0;50
202002;INTL;OM_INTL;OUTRE-MER;JAPON;ASIE;18781;137437027,26;16068;117223837;271,3;2021319,026;81
202002;INTL;OM_INTL;OUTRE-MER;MADAGASCAR;AFRIQUE;12631;9888523,8;12210;9522823;42,1;36570,08;276
202002;INTL;OM_INTL;OUTRE-MER;MAURICE;AFRIQUE;34597;8292867,6;30829;7418585;376,8;87428,26;484
202002;INTL;OM_INTL;OUTRE-MER;NLLE ZÉLANDE;OCÉANIE;17432;57533617,56;15302;49550526;213;798309,156;103
202002;INTL;OM_INTL;OUTRE-MER;OCÉANIE_AUTRE;OCÉANIE;4977;3229556,35;4796;3076571;18,1;15298,535;68
202002;INTL;OM_INTL;OUTRE-MER;PAYS-BAS (CARAÏBES);AMÉRIQUE;13459;760372,76;13457;760283;0,2;8,976;2235
202002;NAT;MET_OM;MÉTROPOLE;OUTRE-MER;(INTÉRIEUR);478280;3696604950,97;409035;3104035819;6924,5;59256913,197;1216
202002;NAT;MET_RAD;PARIS;PROVINCE;(INTÉRIEUR);1214637;723991890,64;1127886;673553720;8675;5043817,064;11254
202002;NAT;MET_TRA;PROVINCE;PROVINCE;(INTÉRIEUR);706414;392922910,26;677505;380286141;2890,9;1263676,926;10800
202002;NAT;OM_OM;OUTRE-MER;OUTRE-MER;(INTÉRIEUR);177757;88558898,34;172374;83638884;538,2;492001,434;7136
202003;INTL;MET_INTL;MÉTROPOLE;AFRIQUE DU SUD;AFRIQUE;27049;240986663,06;20821;185291814;622,8;5569484,906;70
202003;INTL;MET_INTL;MÉTROPOLE;AFRIQUE_AUTRE;AFRIQUE;23279;133399331,99;16504;95150523;677,4;3824880,899;198
202003;INTL;MET_INTL;MÉTROPOLE;ALGÉRIE;AFRIQUE;180182;222810760,61;159070;194488008;2111,2;2832275,261;1352
202003;INTL;MET_INTL;MÉTROPOLE;ALLEMAGNE;EUROPE;504346;337202343,05;273221;193379391;23112,5;14382295,205;5507
202003;INTL;MET_INTL;MÉTROPOLE;AMÉRIQUE_AUTRE;AMÉRIQUE;10545;88084983,37;9074;75631427;147,1;1245355,637;57
202003;INTL;MET_INTL;MÉTROPOLE;ARABIE SAOUDITE;ASIE;15517;70685715,88;6531;29772045;898,6;4091367,088;61
202003;INTL;MET_INTL;MÉTROPOLE;ARGENTINE;AMÉRIQUE;11827;131427227,72;9349;103895437;247,8;2753179,072;38
202003;INTL;MET_INTL;MÉTROPOLE;ASIE_AUTRE;ASIE;14534;79662128,62;10218;59483212;431,6;2017891,662;114
202003;INTL;MET_INTL;MÉTROPOLE;AUTRICHE;EUROPE;47474;47006808,87;41544;40858617;593;614819,187;585
202003;INTL;MET_INTL;MÉTROPOLE;BELGIQUE;EUROPE;104219;62748025,75;65818;45696292;3840,1;1705173,375;1290
202003;INTL;MET_INTL;MÉTROPOLE;BENIN;AFRIQUE;6048;28720034,76;5131;24361988;91,7;435804,676;39
202003;INTL;MET_INTL;MÉTROPOLE;BRÉSIL;AMÉRIQUE;91194;840316942,73;51846;475566923;3934,8;36475001,973;231
202003;INTL;MET_INTL;MÉTROPOLE;BULGARIE;EUROPE;13738;23053403,48;13459;22561144;27,9;49225,948;165
202003;INTL;MET_INTL;MÉTROPOLE;BURKINA FASO;AFRIQUE;5735;23273642,1;3981;16306374;175,4;696726,81;50
202003;INTL;MET_INTL;MÉTROPOLE;CAMEROUN;AFRIQUE;13080;66451349,12;10215;51923962;286,5;1452738,712;73
202003;INTL;MET_INTL;MÉTROPOLE;CANADA;AMÉRIQUE;120881;697965068,72;89837;518919373;3104,4;17904569,572;400
202003;INTL;MET_INTL;MÉTROPOLE;CAP VERT;AFRIQUE;6462;27814266;5037;21716406;142,5;609786;58
202003;INTL;MET_INTL;MÉTROPOLE;CHILI;AMÉRIQUE;23959;280007451,52;17112;199970832;684,7;8003661,952;70
202003;INTL;MET_INTL;MÉTROPOLE;CHINE;ASIE;103538;926441602,57;19952;179619797;8358,6;74682180,557;215
202003;INTL;MET_INTL;MÉTROPOLE;COLOMBIE;AMÉRIQUE;11902;103018993,65;9015;78024825;288,7;2499416,865;49
202003;INTL;MET_INTL;MÉTROPOLE;CONGO-BRAZZAVILLE (RÉP.);AFRIQUE;6383;38653155,85;4779;28944630;160,4;970852,585;62
202003;INTL;MET_INTL;MÉTROPOLE;CORÉE DU SUD;ASIE;47582;425235597,39;11767;105161679;3581,5;32007391,839;94
202003;INTL;MET_INTL;MÉTROPOLE;COSTA RICA;AMÉRIQUE;9637;86204561,1;8958;80129296;67,9;607526,51;30
202003;INTL;MET_INTL;MÉTROPOLE;"CÔTE D'IVOIRE";AFRIQUE;28454;139352537,47;21310;104391691;714,4;3496084,647;141
202003;INTL;MET_INTL;MÉTROPOLE;CROATIE;EUROPE;9020;9946073,2;6943;7673985;207,7;227208,82;114
202003;INTL;MET_INTL;MÉTROPOLE;CUBA;AMÉRIQUE;24919;192734100,21;22524;174187860;239,5;1854624,021;77
202003;INTL;MET_INTL;MÉTROPOLE;DANEMARK;EUROPE;48218;52062601,65;40007;43812129;821,1;825047,265;545
202003;INTL;MET_INTL;MÉTROPOLE;DOMINICAINE (RÉP.);AMÉRIQUE;29705;210966348,98;25458;180805271;424,7;3016107,798;90
202003;INTL;MET_INTL;MÉTROPOLE;EGYPTE;AFRIQUE;40739;135474469,58;29830;99831104;1090,9;3564336,558;214
202003;INTL;MET_INTL;MÉTROPOLE;EMIRATS ARABES UNIS;ASIE;197549;1024104230,56;106550;549791998;9099,9;47431223,256;456
202003;INTL;MET_INTL;MÉTROPOLE;ESPAGNE;EUROPE;467036;531610869,6;441425;506227620;2561,1;2538324,96;4530
202003;INTL;MET_INTL;MÉTROPOLE;ETATS-UNIS;AMÉRIQUE;536774;3768205481,77;233077;1654202461;30369,7;211400302,077;1737
202003;INTL;MET_INTL;MÉTROPOLE;ETHIOPIE;AFRIQUE;19864;110650305,72;11851;65893886;801,3;4475641,972;61
202003;INTL;MET_INTL;MÉTROPOLE;EUROPE_AUTRE;EUROPE;27069;65140250,37;22431;44578544;463,8;2056170,637;763
202003;INTL;MET_INTL;MÉTROPOLE;FINLANDE;EUROPE;31813;64292342,28;26975;54736649;483,8;955569,328;340
202003;INTL;MET_INTL;MÉTROPOLE;GABON;AFRIQUE;7015;38193465,24;5210;28363180;180,5;983028,524;42
202003;INTL;MET_INTL;MÉTROPOLE;GHANA;AFRIQUE;5236;25333774,96;3587;17353881;164,9;797989,396;50
202003;INTL;MET_INTL;MÉTROPOLE;GRÈCE;EUROPE;28107;57861104,6;24010;49214409;409,7;864669,56;270
202003;INTL;MET_INTL;MÉTROPOLE;GUINÉE (CONAKRY);AFRIQUE;6222;28874859,2;5546;25733440;67,6;314141,92;47
202003;INTL;MET_INTL;MÉTROPOLE;HONG KONG (CHINE);ASIE;36470;350110123,04;5793;55612956;3067,7;29449716,704;67
202003;INTL;MET_INTL;MÉTROPOLE;HONGRIE;EUROPE;38713;45794972,46;37691;44539764;102,2;125520,846;410
202003;INTL;MET_INTL;MÉTROPOLE;INDE;ASIE;68303;471989522,35;28450;197065244;3985,3;27492427,835;195
202003;INTL;MET_INTL;MÉTROPOLE;IRLANDE;EUROPE;69394;62968074,41;65814;60050256;358;291781,841;965
202003;INTL;MET_INTL;MÉTROPOLE;ISLANDE;EUROPE;9434;21170894,12;8142;18271130;129,2;289976,412;54
202003;INTL;MET_INTL;MÉTROPOLE;ISRAËL;ASIE;36885;118867528,25;28375;90862205;851;2800532,325;276
202003;INTL;MET_INTL;MÉTROPOLE;ITALIE;EUROPE;162649;144155463,16;131942;125053243;3070,7;1910222,016;2505
202003;INTL;MET_INTL;MÉTROPOLE;JAPON;ASIE;90588;879481915,42;41002;398065035;4958,6;48141688,042;287
202003;INTL;MET_INTL;MÉTROPOLE;JORDANIE;ASIE;7567;25335149,61;6576;21998606;99,1;333654,361;68
202003;INTL;MET_INTL;MÉTROPOLE;KENYA;AFRIQUE;25603;166468430,3;13314;86567628;1228,9;7990080,23;89
202003;INTL;MET_INTL;MÉTROPOLE;KOSOVO;EUROPE;10623;12727875,46;10608;12708384;1,5;1949,146;83
202003;INTL;MET_INTL;MÉTROPOLE;LETTONIE;EUROPE;5447;9238776,44;5057;8586653;39;65212,344;83
202003;INTL;MET_INTL;MÉTROPOLE;LIBAN;ASIE;25736;81896816,34;18709;59474489;702,7;2242232,734;126
202003;INTL;MET_INTL;MÉTROPOLE;LITUANIE;EUROPE;5662;9669809,52;5618;9596451;4,4;7335,852;57
202003;INTL;MET_INTL;MÉTROPOLE;LUXEMBOURG;EUROPE;11740;6279783,03;11740;6279753;0;3,003;281
202003;INTL;MET_INTL;MÉTROPOLE;MACÉDOINE DU NORD;EUROPE;7902;10584021;7902;10584021;0;0;60
202003;INTL;MET_INTL;MÉTROPOLE;MADAGASCAR;AFRIQUE;10492;91482236,48;7844;68347313;264,8;2313492,348;42
202003;INTL;MET_INTL;MÉTROPOLE;MALI;AFRIQUE;13157;54340879,99;9793;40881682;336,4;1345919,799;44
202003;INTL;MET_INTL;MÉTROPOLE;MALTE;EUROPE;10421;16624950,85;9324;15200325;109,7;142462,585;144
202003;INTL;MET_INTL;MÉTROPOLE;MAROC;AFRIQUE;285266;527484740,47;274028;505905145;1123,8;2157959,547;2133
202003;INTL;MET_INTL;MÉTROPOLE;MAURICE;AFRIQUE;44217;418100662,84;33616;317861636;1060,1;10023902,684;108
202003;INTL;MET_INTL;MÉTROPOLE;MEXIQUE;AMÉRIQUE;75541;680195514,89;44970;398991308;3057,1;28120420,689;184
202003;INTL;MET_INTL;MÉTROPOLE;NIGER;AFRIQUE;5446;21451386,64;2054;8119243;339,2;1333214,364;40
202003;INTL;MET_INTL;MÉTROPOLE;NIGERIA;AFRIQUE;13075;61619648,38;7645;35785721;543;2583392,738;80
202003;INTL;MET_INTL;MÉTROPOLE;NORVÈGE;EUROPE;18826;26228013,4;18469;25740676;35,7;48733,74;212
202003;INTL;MET_INTL;MÉTROPOLE;OMAN;ASIE;14946;83457738,08;7780;43443520;716,6;4001421,808;46
202003;INTL;MET_INTL;MÉTROPOLE;PAKISTAN;ASIE;5512;32892928,04;4081;24364550;143,1;852837,804;18
202003;INTL;MET_INTL;MÉTROPOLE;PANAMA;AMÉRIQUE;9134;79188658,8;6782;58799940;235,2;2038871,88;30
202003;INTL;MET_INTL;MÉTROPOLE;PAYS-BAS;EUROPE;155847;98056728,26;145146;93768842;1070,1;428788,626;2034
202003;INTL;MET_INTL;MÉTROPOLE;PAYS-BAS (CARAÏBES);AMÉRIQUE;13225;89163790,67;11470;77332730;175,5;1183106,067;54
202003;INTL;MET_INTL;MÉTROPOLE;PÉROU;AMÉRIQUE;10160;104506661,7;7379;75907773;278,1;2859888,87;26
202003;INTL;MET_INTL;MÉTROPOLE;POLOGNE;EUROPE;42626;54181913,04;40215;51023046;241,1;315886,704;520
202003;INTL;MET_INTL;MÉTROPOLE;PORTUGAL;EUROPE;283556;371447723,14;282011;369259305;154,5;218841,814;2499
202003;INTL;MET_INTL;MÉTROPOLE;QATAR;ASIE;92781;456588355,24;46511;230185405;4627;22640295,024;316
202003;INTL;MET_INTL;MÉTROPOLE;ROUMANIE;EUROPE;45212;77561095,86;44623;76540159;58,9;102093,686;490
202003;INTL;MET_INTL;MÉTROPOLE;ROYAUME-UNI;EUROPE;531015;379326500,37;472622;351595119;5839,3;2773138,137;6285
202003;INTL;MET_INTL;MÉTROPOLE;RUSSIE (FÉD. DE);EUROPE;97147;333579995,4;49879;121600744;4726,8;21197925,14;753
202003;INTL;MET_INTL;MÉTROPOLE;SÉNÉGAL;AFRIQUE;37393;157312961,3;26327;110887104;1106,6;4642585,73;113
202003;INTL;MET_INTL;MÉTROPOLE;SERBIE;EUROPE;13613;18351763,5;13277;17873357;33,6;47840,65;162
202003;INTL;MET_INTL;MÉTROPOLE;SINGAPOUR;ASIE;29306;314594005,75;11924;128004140;1738,2;18658986,575;92
202003;INTL;MET_INTL;MÉTROPOLE;SUÈDE;EUROPE;35317;54637601,79;30067;46545127;525;809247,479;431
202003;INTL;MET_INTL;MÉTROPOLE;SUISSE;EUROPE;106861;47964039,18;100346;45436568;651,5;252747,118;1921
202003;INTL;MET_INTL;MÉTROPOLE;TAIWAN;ASIE;28527;279446475,64;7467;73146732;2106;20629974,364;49
202003;INTL;MET_INTL;MÉTROPOLE;TCHÉQUIE;EUROPE;37823;33495373,26;35699;31686114;212,4;180925,926;401
202003;INTL;MET_INTL;MÉTROPOLE;THAÏLANDE;ASIE;47230;446704082,82;31873;301454834;1535,7;14524924,882;137
202003;INTL;MET_INTL;MÉTROPOLE;TOGO;AFRIQUE;7496;35434646,44;4791;22853050;270,5;1258159,644;42
202003;INTL;MET_INTL;MÉTROPOLE;TUNISIE;AFRIQUE;130330;182157331,25;114457;160228987;1587,2;2192834,425;1035
202003;INTL;MET_INTL;MÉTROPOLE;TURQUIE;EUROPE;137184;291727044,15;100622;211705840;3656,2;8002120,415;917
202003;INTL;MET_INTL;MÉTROPOLE;UKRAINE;EUROPE;10095;20176116,12;9347;18652284;74,8;152383,212;107
202003;INTL;MET_INTL;MÉTROPOLE;VIET NAM;ASIE;27834;268164136,2;14456;140024652;1337,8;12813948,42;68
202003;INTL;OM_INTL;OUTRE-MER;AFRIQUE_AUTRE;AFRIQUE;7881;13095334,5;7673;12677627;20,8;41770,75;186
202003;INTL;OM_INTL;OUTRE-MER;AMÉRIQUE_AUTRE;AMÉRIQUE;7609;12566278,74;7428;11956707;18,1;60957,174;629
202003;INTL;OM_INTL;OUTRE-MER;ASIE_AUTRE;ASIE;3053;18241161,08;2385;14053761;66,8;418740,008;14
202003;INTL;OM_INTL;OUTRE-MER;AUSTRALIE;OCÉANIE;9095;17254616,55;8140;15384322;95,5;187029,455;86
202003;INTL;OM_INTL;OUTRE-MER;CANADA;AMÉRIQUE;14175;46106139,92;14009;45739802;16,6;36633,792;154
202003;INTL;OM_INTL;OUTRE-MER;ETATS-UNIS;AMÉRIQUE;25331;130423872,23;22963;115466706;236,8;1495716,623;855
202003;INTL;OM_INTL;OUTRE-MER;EUROPE_AUTRE;EUROPE;7197;51945966,75;7020;50712655;17,7;123331,175;69
202003;INTL;OM_INTL;OUTRE-MER;JAPON;ASIE;10664;76575991,53;8991;64554996;167,3;1202099,553;55
202003;INTL;OM_INTL;OUTRE-MER;MADAGASCAR;AFRIQUE;11527;9134504,12;11045;8716100;48,2;41840,412;204
202003;INTL;OM_INTL;OUTRE-MER;MAURICE;AFRIQUE;35687;8524175,52;32895;7875826;279,2;64834,952;378
202003;INTL;OM_INTL;OUTRE-MER;NLLE ZÉLANDE;OCÉANIE;10205;33908356,92;8684;28049937;152,1;585841,992;75
202003;INTL;OM_INTL;OUTRE-MER;OCÉANIE_AUTRE;OCÉANIE;2729;2229765,05;2544;2088167;18,5;14159,805;42
202003;INTL;OM_INTL;OUTRE-MER;PAYS-BAS (CARAÏBES);AMÉRIQUE;6894;374219,51;6894;374204;0;1,551;1249
202003;NAT;MET_OM;MÉTROPOLE;OUTRE-MER;(INTÉRIEUR);334721;2606511574,57;278572;2128795735;5614,9;47771583,957;957
202003;NAT;MET_RAD;PARIS;PROVINCE;(INTÉRIEUR);620340;368009538,71;562049;334697429;5829,1;3331210,971;7505
202003;NAT;MET_TRA;PROVINCE;PROVINCE;(INTÉRIEUR);329319;181495823,74;309804;172972832;1951,4;852299,174;6366
202003;NAT;OM_OM;OUTRE-MER;OUTRE-MER;(INTÉRIEUR);110341;56555577,46;106255;52023932;408,5;453164,546;5403
202004;INTL;MET_INTL;MÉTROPOLE;AFRIQUE_AUTRE;AFRIQUE;28121;142417087,34;13711;66445731;1441;7597135,634;266
202004;INTL;MET_INTL;MÉTROPOLE;ALLEMAGNE;EUROPE;195228;114547330,89;5934;2901474;18929,4;11164585,689;1222
202004;INTL;MET_INTL;MÉTROPOLE;AMÉRIQUE_AUTRE;AMÉRIQUE;5294;55311467,22;4573;47814627;72,1;749684,022;18
202004;INTL;MET_INTL;MÉTROPOLE;ASIE_AUTRE;ASIE;13569;73614097,67;4545;23232947;902,4;5038115,067;95
202004;INTL;MET_INTL;MÉTROPOLE;BELGIQUE;EUROPE;32126;12923217,01;117;55478;3200,9;1286773,901;341
202004;INTL;MET_INTL;MÉTROPOLE;BRÉSIL;AMÉRIQUE;15556;146951081,11;2447;22956956;1310,9;12399412,511;50
202004;INTL;MET_INTL;MÉTROPOLE;CANADA;AMÉRIQUE;17458;96545761,1;3835;21200230;1362,3;7534553,11;79
202004;INTL;MET_INTL;MÉTROPOLE;CHINE;ASIE;92169;846384718,98;4703;42591501;8746,6;80379321,798;270
202004;INTL;MET_INTL;MÉTROPOLE;CORÉE DU SUD;ASIE;19544;174677061,06;1492;13334004;1805,2;16134305,706;66
202004;INTL;MET_INTL;MÉTROPOLE;EMIRATS ARABES UNIS;ASIE;51084;267714531,9;849;4449566;5023,5;26326496,59;143
202004;INTL;MET_INTL;MÉTROPOLE;ESPAGNE;EUROPE;17996;16353203,2;3862;3541155;1413,4;1281204,82;247
202004;INTL;MET_INTL;MÉTROPOLE;ETATS-UNIS;AMÉRIQUE;143100;992950163,75;4168;31030076;13893,2;96192008,775;401
202004;INTL;MET_INTL;MÉTROPOLE;ETHIOPIE;AFRIQUE;10444;58336329,66;1189;6641754;925,5;5169457,566;34
202004;INTL;MET_INTL;MÉTROPOLE;EUROPE_AUTRE;EUROPE;42688;76073728,13;15582;25952731;2710,6;5012099,713;920
202004;INTL;MET_INTL;MÉTROPOLE;HONG KONG (CHINE);ASIE;34604;332185536;390;3744000;3421,4;32844153,6;53
202004;INTL;MET_INTL;MÉTROPOLE;INDE;ASIE;15418;103675620,6;657;4445217;1476,1;9923040,36;37
202004;INTL;MET_INTL;MÉTROPOLE;ITALIE;EUROPE;22915;15312749,43;3133;3330403;1978,2;1198234,643;192
202004;INTL;MET_INTL;MÉTROPOLE;JAPON;ASIE;15687;151913572,01;1818;17672778;1386,9;13424079,401;66
202004;INTL;MET_INTL;MÉTROPOLE;MAROC;AFRIQUE;8452;16449908,95;1013;2125220;743,9;1432468,895;57
202004;INTL;MET_INTL;MÉTROPOLE;MEXIQUE;AMÉRIQUE;15892;146867023,61;2682;24698538;1321;12216848,561;46
202004;INTL;MET_INTL;MÉTROPOLE;PAYS-BAS;EUROPE;10140;4052372,42;6621;2648249;351,9;140412,342;189
202004;INTL;MET_INTL;MÉTROPOLE;QATAR;ASIE;57091;279362575,97;11151;55520829;4594;22384174,697;267
202004;INTL;MET_INTL;MÉTROPOLE;ROYAUME-UNI;EUROPE;41525;20981759,09;5668;3291718;3585,6;1769004,109;440
202004;INTL;MET_INTL;MÉTROPOLE;RUSSIE (FÉD. DE);EUROPE;56151;247092700,68;298;737257;5585,3;24635544,368;62
202004;INTL;MET_INTL;MÉTROPOLE;SÉNÉGAL;AFRIQUE;5083;21164186,83;2919;12320830;216,4;884335,683;12
202004;INTL;MET_INTL;MÉTROPOLE;TAIWAN;ASIE;12228;119791659,48;395;3869420;1183,3;11592223,948;22
202004;INTL;MET_INTL;MÉTROPOLE;TUNISIE;AFRIQUE;12831;17501416,2;2623;3313242;1020,8;1418817,42;134
202004;INTL;MET_INTL;MÉTROPOLE;TURQUIE;EUROPE;8309;17747193,66;1936;4340601;637,3;1340659,266;100
202004;INTL;OM_INTL;OUTRE-MER;AFRIQUE_AUTRE;AFRIQUE;489;876041,98;191;78153;29,8;79788,898;24
202004;INTL;OM_INTL;OUTRE-MER;AMÉRIQUE_AUTRE;AMÉRIQUE;565;1121921,1;435;1067017;13;5490,41;171
202004;INTL;OM_INTL;OUTRE-MER;ASIE_AUTRE;ASIE;2209;15918921,67;793;5537519;141,6;1038140,267;20
202004;INTL;OM_INTL;OUTRE-MER;EUROPE_AUTRE;EUROPE;765;5438870,2;0;0;76,5;543887,02;12
202004;INTL;OM_INTL;OUTRE-MER;OCÉANIE_AUTRE;OCÉANIE;1446;3142087,38;592;1163406;85,4;197868,138;32
202004;NAT;MET_OM;MÉTROPOLE;OUTRE-MER;(INTÉRIEUR);36511;297699500,66;12696;101747215;2381,4;19595228,566;128
202004;NAT;MET_RAD;PARIS;PROVINCE;(INTÉRIEUR);32389;19971560,7;14353;9373898;1803,6;1059766,27;309
202004;NAT;MET_TRA;PROVINCE;PROVINCE;(INTÉRIEUR);10850;4567460,27;4785;1687145;606,5;288031,527;672
202004;NAT;OM_OM;OUTRE-MER;OUTRE-MER;(INTÉRIEUR);6164;4502903,57;4159;2542755;200,5;196014,857;1006
202005;INTL;MET_INTL;MÉTROPOLE;AFRIQUE_AUTRE;AFRIQUE;22405;128591625,23;6954;35080405;1545,1;9351122,023;157
202005;INTL;MET_INTL;MÉTROPOLE;ALGÉRIE;AFRIQUE;10880;14950391,11;7947;11248222;293,3;370216,911;162
202005;INTL;MET_INTL;MÉTROPOLE;ALLEMAGNE;EUROPE;239784;141753485,12;9777;4986312;23000,7;13676717,312;1226
202005;INTL;MET_INTL;MÉTROPOLE;AMÉRIQUE_AUTRE;AMÉRIQUE;8325;77616984,73;4148;40074427;417,7;3754255,773;31
202005;INTL;MET_INTL;MÉTROPOLE;ASIE_AUTRE;ASIE;12168;68652030,1;4566;21250162;760,2;4740186,81;90
202005;INTL;MET_INTL;MÉTROPOLE;AZERBAÏDJAN;EUROPE;6006;22015553,89;46;175168;596;2184038,589;20
202005;INTL;MET_INTL;MÉTROPOLE;BELGIQUE;EUROPE;43630;17398615,32;95;60745;4353,5;1733787,032;392
202005;INTL;MET_INTL;MÉTROPOLE;BRÉSIL;AMÉRIQUE;10601;99317430,69;3055;28616302;754,6;7070112,869;44
202005;INTL;MET_INTL;MÉTROPOLE;BULGARIE;EUROPE;6035;11205949,72;2517;4444776;351,8;676117,372;41
202005;INTL;MET_INTL;MÉTROPOLE;CANADA;AMÉRIQUE;24412;134996961,8;6260;34618835;1815,2;10037812,68;93
202005;INTL;MET_INTL;MÉTROPOLE;CHINE;ASIE;164851;1515808933,29;4548;41076591;16030,3;147473234,229;489
202005;INTL;MET_INTL;MÉTROPOLE;CORÉE DU SUD;ASIE;12411;110922826,68;1450;12958650;1096,1;9796417,668;45
202005;INTL;MET_INTL;MÉTROPOLE;"CÔTE D'IVOIRE";AFRIQUE;8322;40846122,88;829;4068712;749,3;3677741,088;41
202005;INTL;MET_INTL;MÉTROPOLE;EMIRATS ARABES UNIS;ASIE;79585;417216540,45;590;3093423;7899,5;41412311,745;183
202005;INTL;MET_INTL;MÉTROPOLE;ESPAGNE;EUROPE;25508;24900289,1;8085;8210888;1742,3;1668940,11;257
202005;INTL;MET_INTL;MÉTROPOLE;ETATS-UNIS;AMÉRIQUE;203799;1428918696,48;9904;70601907;19389,5;135831678,948;543
202005;INTL;MET_INTL;MÉTROPOLE;ETHIOPIE;AFRIQUE;18488;103263633,9;1189;6641754;1729,9;9662187,99;52
202005;INTL;MET_INTL;MÉTROPOLE;EUROPE_AUTRE;EUROPE;47069;81877015,56;15043;21801175;3202,5;6007584,056;1211
202005;INTL;MET_INTL;MÉTROPOLE;HONG KONG (CHINE);ASIE;69645;668588408;0;0;6964,4;66858840,8;105
202005;INTL;MET_INTL;MÉTROPOLE;INDE;ASIE;21372;145791027,86;3318;23772677;1805,4;12201835,086;63
202005;INTL;MET_INTL;MÉTROPOLE;ISRAËL;ASIE;8982;29527134,28;1838;6039931;714,4;2348720,328;58
202005;INTL;MET_INTL;MÉTROPOLE;ITALIE;EUROPE;28939;19883417,49;5146;5642631;2379,3;1424078,649;280
202005;INTL;MET_INTL;MÉTROPOLE;JAPON;ASIE;24862;241135195,32;2504;24341384;2235,8;21679381,132;94
202005;INTL;MET_INTL;MÉTROPOLE;MAROC;AFRIQUE;10637;20813427,83;3348;6720819;728,9;1409260,883;66
202005;INTL;MET_INTL;MÉTROPOLE;MAURICE;AFRIQUE;5083;48076550,9;1268;11991476;381,5;3608507,49;16
202005;INTL;MET_INTL;MÉTROPOLE;MEXIQUE;AMÉRIQUE;11897;109549619,37;1872;17239248;1002,5;9231037,137;38
202005;INTL;MET_INTL;MÉTROPOLE;MONGOLIE;ASIE;5944;41794059,12;0;0;594,4;4179405,912;11
202005;INTL;MET_INTL;MÉTROPOLE;PAYS-BAS;EUROPE;14446;5779741,19;9221;3694272;522,5;208546,919;216
202005;INTL;MET_INTL;MÉTROPOLE;PORTUGAL;EUROPE;18137;26689826,8;8154;11994630;998,3;1469519,68;114
202005;INTL;MET_INTL;MÉTROPOLE;QATAR;ASIE;52862;258508874,79;3441;17132739;4942,1;24137613,579;344
202005;INTL;MET_INTL;MÉTROPOLE;ROYAUME-UNI;EUROPE;56371;26888602,97;9308;6066173;4706,3;2082242,997;605
202005;INTL;MET_INTL;MÉTROPOLE;RUSSIE (FÉD. DE);EUROPE;99597;430292646,09;1334;4092827;9826,3;42619981,909;138
202005;INTL;MET_INTL;MÉTROPOLE;SÉNÉGAL;AFRIQUE;7782;32826585,99;3817;16106622;396,5;1671996,399;30
202005;INTL;MET_INTL;MÉTROPOLE;SUÈDE;EUROPE;5722;8817170,42;2005;3089859;371,7;572731,142;66
202005;INTL;MET_INTL;MÉTROPOLE;TAIWAN;ASIE;5393;52831983,12;708;6935568;468,5;4589641,512;11
202005;INTL;MET_INTL;MÉTROPOLE;TUNISIE;AFRIQUE;23038;31864967,45;4990;6627436;1804,8;2523753,145;164
202005;INTL;MET_INTL;MÉTROPOLE;TURQUIE;EUROPE;25964;56804876,57;32;72136;2593,2;5673274,057;124
202005;INTL;MET_INTL;MÉTROPOLE;VIET NAM;ASIE;5075;48136030,92;2620;24306456;245,5;2382957,492;24
202005;INTL;OM_INTL;OUTRE-MER;AFRIQUE_AUTRE;AFRIQUE;746;1063238,09;131;114550;61,5;94868,809;57
202005;INTL;OM_INTL;OUTRE-MER;AMÉRIQUE_AUTRE;AMÉRIQUE;945;2550836,53;353;286306;59,2;226453,053;275
202005;INTL;OM_INTL;OUTRE-MER;ASIE_AUTRE;ASIE;3737;26336200,36;1766;12331978;197,1;1400422,236;29
202005;INTL;OM_INTL;OUTRE-MER;EUROPE_AUTRE;EUROPE;429;3231968,4;79;597951;35;263401,74;16
202005;INTL;OM_INTL;OUTRE-MER;OCÉANIE_AUTRE;OCÉANIE;1271;2906176,74;116;251178;115,5;265499,874;41
202005;NAT;MET_OM;MÉTROPOLE;OUTRE-MER;(INTÉRIEUR);48397;404900057,63;21156;171110592;2724,1;23378946,563;217
202005;NAT;MET_RAD;PARIS;PROVINCE;(INTÉRIEUR);54978;34175550,13;39167;25424983;1581,1;875056,713;541
202005;NAT;MET_TRA;PROVINCE;PROVINCE;(INTÉRIEUR);21135;8436394,79;12650;4454913;848,5;398148,179;1058
202005;NAT;OM_OM;OUTRE-MER;OUTRE-MER;(INTÉRIEUR);27996;11830374,9;24441;7806249;355,5;402412,59;2008
202006;INTL;MET_INTL;MÉTROPOLE;AFRIQUE_AUTRE;AFRIQUE;39700;239919886,64;16549;91815374;2315,1;14810451,264;262
202006;INTL;MET_INTL;MÉTROPOLE;ALGÉRIE;AFRIQUE;19889;26556799,59;15747;21261729;414,2;529507,059;203
202006;INTL;MET_INTL;MÉTROPOLE;ALLEMAGNE;EUROPE;292151;175075426,97;33845;21267909;25830,5;15380751,797;1943
202006;INTL;MET_INTL;MÉTROPOLE;AMÉRIQUE_AUTRE;AMÉRIQUE;5970;53549260,92;3412;31228735;255,8;2232052,592;34
202006;INTL;MET_INTL;MÉTROPOLE;ASIE_AUTRE;ASIE;19293;126443073,41;6219;34399445;1307,4;9204362,841;113
202006;INTL;MET_INTL;MÉTROPOLE;AUTRICHE;EUROPE;13060;13155460,2;6040;5765917;702;738954,32;191
202006;INTL;MET_INTL;MÉTROPOLE;BELGIQUE;EUROPE;59694;27268927,01;6940;5804913;5275,4;2146401,401;678
202006;INTL;MET_INTL;MÉTROPOLE;BIÉLORUSSIE;EUROPE;5440;10000905,08;5292;9726749;14,8;27415,608;61
202006;INTL;MET_INTL;MÉTROPOLE;BRÉSIL;AMÉRIQUE;13785;128915392,3;4450;41680170;933,5;8723522,23;49
202006;INTL;MET_INTL;MÉTROPOLE;BULGARIE;EUROPE;8837;14153435,28;8472;13503552;36,5;64988,328;115
202006;INTL;MET_INTL;MÉTROPOLE;CANADA;AMÉRIQUE;31540;174424895,9;10985;60751709;2055,5;11367318,69;111
202006;INTL;MET_INTL;MÉTROPOLE;CHINE;ASIE;161737;1459086454,89;5977;53426282;15576;140566017,289;375
202006;INTL;MET_INTL;MÉTROPOLE;CORÉE DU SUD;ASIE;18329;163837762,82;1766;15782742;1656,3;14805502,082;58
202006;INTL;MET_INTL;MÉTROPOLE;"CÔTE D'IVOIRE";AFRIQUE;5745;28191331,28;1303;6390437;444,2;2180089,428;45
202006;INTL;MET_INTL;MÉTROPOLE;DANEMARK;EUROPE;13685;14010799,75;5282;5566237;840,3;844456,275;131
202006;INTL;MET_INTL;MÉTROPOLE;EGYPTE;AFRIQUE;7128;22500420,53;2222;7134772;490,6;1536564,853;23
202006;INTL;MET_INTL;MÉTROPOLE;EMIRATS ARABES UNIS;ASIE;102277;536676933,42;5197;27267992;9708;50940894,142;212
202006;INTL;MET_INTL;MÉTROPOLE;ESPAGNE;EUROPE;58404;58002972,19;30742;31277593;2766,2;2672537,919;544
202006;INTL;MET_INTL;MÉTROPOLE;ETATS-UNIS;AMÉRIQUE;237818;1658171169,95;22180;156813806;21563,8;150135736,395;695
202006;INTL;MET_INTL;MÉTROPOLE;ETHIOPIE;AFRIQUE;18133;101294624,76;1211;6764646;1692,2;9452997,876;53
202006;INTL;MET_INTL;MÉTROPOLE;EUROPE_AUTRE;EUROPE;45469;81237162,45;27382;37582661;1808,6;4365450,145;1104
202006;INTL;MET_INTL;MÉTROPOLE;GRÈCE;EUROPE;12230;26117523,46;8363;17600992;386,7;851653,146;136
202006;INTL;MET_INTL;MÉTROPOLE;HONG KONG (CHINE);ASIE;54189;520210746;1261;12106362;5292,8;50810438,4;86
202006;INTL;MET_INTL;MÉTROPOLE;HONGRIE;EUROPE;8296;9245336,43;5542;5806752;275,4;343858,443;163
202006;INTL;MET_INTL;MÉTROPOLE;INDE;ASIE;30198;206560687,5;4883;34429796;2531,5;17213089,15;79
202006;INTL;MET_INTL;MÉTROPOLE;IRLANDE;EUROPE;5306;4233728,46;4106;3245643;120;98808,546;131
202006;INTL;MET_INTL;MÉTROPOLE;ISRAËL;ASIE;8978;29515558,64;2326;7646972;665,2;2186858,664;45
202006;INTL;MET_INTL;MÉTROPOLE;ITALIE;EUROPE;73244;57680548,81;35287;34673044;3795,7;2300750,481;963
202006;INTL;MET_INTL;MÉTROPOLE;JAPON;ASIE;24044;233544250,26;3677;35744108;2036,7;19780014,226;92
202006;INTL;MET_INTL;MÉTROPOLE;MAROC;AFRIQUE;25055;49654282,62;14662;29508574;1039,3;2014570,862;147
202006;INTL;MET_INTL;MÉTROPOLE;MEXIQUE;AMÉRIQUE;19911;183481898,92;4751;43751959;1516;13972993,992;60
202006;INTL;MET_INTL;MÉTROPOLE;OCÉANIE_AUTRE;OCÉANIE;4;65676;4;65676;0;0;3
202006;INTL;MET_INTL;MÉTROPOLE;PAYS-BAS;EUROPE;35072;17792427,03;26910;14533941;816,2;325848,603;535
202006;INTL;MET_INTL;MÉTROPOLE;PORTUGAL;EUROPE;55080;75724943,77;43179;58127755;1190,1;1759718,877;414
202006;INTL;MET_INTL;MÉTROPOLE;QATAR;ASIE;61747;302934122,07;6306;31397574;5544,1;27153654,807;301
202006;INTL;MET_INTL;MÉTROPOLE;ROUMANIE;EUROPE;9529;15454239,26;9317;15062858;21,2;39138,126;92
202006;INTL;MET_INTL;MÉTROPOLE;ROYAUME-UNI;EUROPE;84864;41544267,52;21965;14911004;6289,9;2663326,352;1077
202006;INTL;MET_INTL;MÉTROPOLE;RUSSIE (FÉD. DE);EUROPE;55673;208082620,55;1950;4834525;5372,3;20324809,555;136
202006;INTL;MET_INTL;MÉTROPOLE;SÉNÉGAL;AFRIQUE;10828;45703552,07;6212;26220809;461,6;1948274,307;35
202006;INTL;MET_INTL;MÉTROPOLE;SERBIE;EUROPE;8693;11188869,25;8519;10940734;17,4;24813,525;110
202006;INTL;MET_INTL;MÉTROPOLE;SINGAPOUR;ASIE;5219;56028541,4;324;3478140;489,5;5255040,14;17
202006;INTL;MET_INTL;MÉTROPOLE;SUÈDE;EUROPE;13913;21573071,27;6226;9725121;768,7;1184795,027;119
202006;INTL;MET_INTL;MÉTROPOLE;SUISSE;EUROPE;20384;8840410,3;18936;8460892;144,8;37951,83;874
202006;INTL;MET_INTL;MÉTROPOLE;TAIWAN;ASIE;11342;111106917,72;1096;10736416;1024,6;10037050,172;18
202006;INTL;MET_INTL;MÉTROPOLE;TUNISIE;AFRIQUE;26546;36693532,66;9888;13561455;1665,8;2313207,766;227
202006;INTL;MET_INTL;MÉTROPOLE;TURQUIE;EUROPE;51686;112359028,17;15760;33756097;3592,6;7860293,117;255
202006;INTL;OM_INTL;OUTRE-MER;AFRIQUE_AUTRE;AFRIQUE;1898;1455382,7;425;304900;147,3;115048,27;96
202006;INTL;OM_INTL;OUTRE-MER;AMÉRIQUE_AUTRE;AMÉRIQUE;1783;4326981,14;1067;1516386;71,6;281059,514;380
202006;INTL;OM_INTL;OUTRE-MER;ASIE_AUTRE;ASIE;4700;33189715,89;2474;17275942;222,6;1591377,389;32
202006;INTL;OM_INTL;OUTRE-MER;EUROPE_AUTRE;EUROPE;1123;10676915,55;0;0;112,3;1067691,555;15
202006;INTL;OM_INTL;OUTRE-MER;OCÉANIE_AUTRE;OCÉANIE;1416;3031084,76;277;389809;113,9;264127,576;38
202006;NAT;MET_OM;MÉTROPOLE;OUTRE-MER;(INTÉRIEUR);109709;877180629,92;70458;555287317;3925;32189331,292;387
202006;NAT;MET_RAD;PARIS;PROVINCE;(INTÉRIEUR);286273;189416460,67;233232;159626079;5304,1;2979038,167;2426
202006;NAT;MET_TRA;PROVINCE;PROVINCE;(INTÉRIEUR);126198;68433442,15;107268;60199622;1893;823382,015;3675
202006;NAT;OM_OM;OUTRE-MER;OUTRE-MER;(INTÉRIEUR);80386;25448125,15;75890;22235038;449,5;321308,715;4180
202007;INTL;MET_INTL;MÉTROPOLE;AFRIQUE DU SUD;AFRIQUE;9005;79134694,28;819;7333648;818,6;7180104,628;24
202007;INTL;MET_INTL;MÉTROPOLE;AFRIQUE_AUTRE;AFRIQUE;40862;219253224,56;20553;109227735;2030,9;11002548,956;320
202007;INTL;MET_INTL;MÉTROPOLE;ALGÉRIE;AFRIQUE;27558;36542213,97;20683;27408962;687,5;913325,197;261
202007;INTL;MET_INTL;MÉTROPOLE;ALLEMAGNE;EUROPE;428220;275598964,57;165775;117614719;26244,5;15798424,557;3539
202007;INTL;MET_INTL;MÉTROPOLE;AMÉRIQUE_AUTRE;AMÉRIQUE;21310;183055563,38;12514;104924019;879,6;7813154,438;98
202007;INTL;MET_INTL;MÉTROPOLE;ASIE_AUTRE;ASIE;13692;90889180,58;7091;42017280;660,1;4887190,058;87
202007;INTL;MET_INTL;MÉTROPOLE;AUTRICHE;EUROPE;40312;39624462,95;32644;31546751;766,8;807771,195;615
202007;INTL;MET_INTL;MÉTROPOLE;BELGIQUE;EUROPE;131414;84109670,01;73567;60487217;5784,7;2362245,301;1307
202007;INTL;MET_INTL;MÉTROPOLE;BENIN;AFRIQUE;5208;24727014,24;4307;20449636;90,1;427737,824;36
202007;INTL;MET_INTL;MÉTROPOLE;BIÉLORUSSIE;EUROPE;7118;13082019,5;6927;12732340;19,1;34967,95;100
202007;INTL;MET_INTL;MÉTROPOLE;BRÉSIL;AMÉRIQUE;17060;159336065,91;5934;55451458;1112,6;10388460,791;65
202007;INTL;MET_INTL;MÉTROPOLE;BULGARIE;EUROPE;17479;28885260,76;17143;28293559;33,6;59170,176;181
202007;INTL;MET_INTL;MÉTROPOLE;CAMEROUN;AFRIQUE;9018;45816239,53;6230;31682694;278,8;1413354,553;61
202007;INTL;MET_INTL;MÉTROPOLE;CANADA;AMÉRIQUE;51654;294602524,17;27331;155233634;2432,3;13936889,017;262
202007;INTL;MET_INTL;MÉTROPOLE;CHINE;ASIE;93830;844733011,52;6599;59498423;8723,1;78523458,852;239
202007;INTL;MET_INTL;MÉTROPOLE;CORÉE DU SUD;ASIE;27573;246419811,63;4231;37812447;2334,2;20860736,463;82
202007;INTL;MET_INTL;MÉTROPOLE;"CÔTE D'IVOIRE";AFRIQUE;22653;110945186,26;13841;67768534;881,2;4317665,226;105
202007;INTL;MET_INTL;MÉTROPOLE;CROATIE;EUROPE;34991;40738647,8;33125;38724329;186,6;201431,88;436
202007;INTL;MET_INTL;MÉTROPOLE;DANEMARK;EUROPE;38476;43430002,25;30290;35202218;818,6;822778,425;379
202007;INTL;MET_INTL;MÉTROPOLE;EGYPTE;AFRIQUE;12970;41684858,4;9635;30965847;333,5;1071901,14;85
202007;INTL;MET_INTL;MÉTROPOLE;EMIRATS ARABES UNIS;ASIE;124984;655803426,48;19067;100037455;10591,7;55576597,148;278
202007;INTL;MET_INTL;MÉTROPOLE;ESPAGNE;EUROPE;382996;407854625,22;354371;379861766;2862,4;2799285,922;3967
202007;INTL;MET_INTL;MÉTROPOLE;ETATS-UNIS;AMÉRIQUE;269709;1859365228,24;40945;282110752;22876,4;157725447,624;943
202007;INTL;MET_INTL;MÉTROPOLE;ETHIOPIE;AFRIQUE;20877;116319763,6;4131;22927870;1674,6;9339189,36;74
202007;INTL;MET_INTL;MÉTROPOLE;EUROPE_AUTRE;EUROPE;26459;42855884,67;25065;39832604;139,4;302328,067;961
202007;INTL;MET_INTL;MÉTROPOLE;FINLANDE;EUROPE;8271;15738963,62;6410;12204527;186,1;353443,662;172
202007;INTL;MET_INTL;MÉTROPOLE;GRÈCE;EUROPE;182010;384084922,17;177482;374437783;452,7;964713,917;1780
202007;INTL;MET_INTL;MÉTROPOLE;HONG KONG (CHINE);ASIE;30925;296882880;633;6076800;3029,2;29080608;47
202007;INTL;MET_INTL;MÉTROPOLE;HONGRIE;EUROPE;26795;30561816,79;26090;29687983;70,5;87383,379;352
202007;INTL;MET_INTL;MÉTROPOLE;INDE;ASIE;46936;320946196,08;8988;62915171;3794,8;25803102,508;141
202007;INTL;MET_INTL;MÉTROPOLE;IRLANDE;EUROPE;27991;27497535,59;25831;25712529;216;178500,659;646
202007;INTL;MET_INTL;MÉTROPOLE;ISLANDE;EUROPE;6882;15483654,04;5860;13188805;102,2;229484,904;53
202007;INTL;MET_INTL;MÉTROPOLE;ISRAËL;ASIE;12972;42641141,68;7682;25248904;529;1739223,768;108
202007;INTL;MET_INTL;MÉTROPOLE;ITALIE;EUROPE;298006;293152776,71;255930;266069045;4207,6;2708373,171;3613
202007;INTL;MET_INTL;MÉTROPOLE;JAPON;ASIE;33111;321544442,04;6358;61752493;2675,3;25979194,904;123
202007;INTL;MET_INTL;MÉTROPOLE;KENYA;AFRIQUE;6347;41263187,46;180;1170360;616,7;4009282,746;25
202007;INTL;MET_INTL;MÉTROPOLE;KOSOVO;EUROPE;13051;15636798,2;12984;15556053;6,7;8074,52;158
202007;INTL;MET_INTL;MÉTROPOLE;LETTONIE;EUROPE;6513;11376015,92;5758;10112012;75,5;126400,392;147
202007;INTL;MET_INTL;MÉTROPOLE;LIBAN;ASIE;16864;53671629,11;11935;37945711;492,9;1572591,811;116
202007;INTL;MET_INTL;MÉTROPOLE;LITUANIE;EUROPE;7251;12429038,92;7248;12424564;0,3;447,492;80
202007;INTL;MET_INTL;MÉTROPOLE;LUXEMBOURG;EUROPE;17790;12414154,11;17786;12411713;0,4;244,111;359
202007;INTL;MET_INTL;MÉTROPOLE;MACÉDOINE DU NORD;EUROPE;6027;8146769;6027;8146769;0;0;87
202007;INTL;MET_INTL;MÉTROPOLE;MALI;AFRIQUE;7901;32703175,37;4395;18349125;350,6;1435405,037;41
202007;INTL;MET_INTL;MÉTROPOLE;MALTE;EUROPE;15861;22037871,4;11772;17150898;408,9;488697,34;245
202007;INTL;MET_INTL;MÉTROPOLE;MAROC;AFRIQUE;74942;131882883,64;62052;107225997;1289;2465688,664;540
202007;INTL;MET_INTL;MÉTROPOLE;MAURICE;AFRIQUE;8863;83816634,44;1623;15348711;724;6846792,344;30
202007;INTL;MET_INTL;MÉTROPOLE;MEXIQUE;AMÉRIQUE;20856;192068061,04;8933;82263997;1192,3;10980406,404;85
202007;INTL;MET_INTL;MÉTROPOLE;NORVÈGE;EUROPE;14030;21662213,75;13625;21111479;40,5;55073,475;181
202007;INTL;MET_INTL;MÉTROPOLE;PAYS-BAS;EUROPE;109328;73039578,06;97406;68276255;1192,2;476332,306;1172
202007;INTL;MET_INTL;MÉTROPOLE;POLOGNE;EUROPE;42534;55182817,55;39657;51397122;287,7;378569,555;511
202007;INTL;MET_INTL;MÉTROPOLE;PORTUGAL;EUROPE;276434;372047921,67;274290;369101883;214,4;294603,867;2483
202007;INTL;MET_INTL;MÉTROPOLE;QATAR;ASIE;80648;398172079,67;9367;46638293;7128,1;35153378,667;270
202007;INTL;MET_INTL;MÉTROPOLE;ROUMANIE;EUROPE;53689;90038334,16;53413;89523422;27,6;51491,216;506
202007;INTL;MET_INTL;MÉTROPOLE;ROYAUME-UNI;EUROPE;243183;172969464,51;179589;146335136;6359,4;2663432,851;3766
202007;INTL;MET_INTL;MÉTROPOLE;RUSSIE (FÉD. DE);EUROPE;11282;27945459,12;3119;7731276;816,3;2021418,312;158
202007;INTL;MET_INTL;MÉTROPOLE;SÉNÉGAL;AFRIQUE;18888;79725611,37;13016;54940026;587,2;2478558,537;65
202007;INTL;MET_INTL;MÉTROPOLE;SERBIE;EUROPE;15399;20996634;14349;19502151;105;149448,3;244
202007;INTL;MET_INTL;MÉTROPOLE;SINGAPOUR;ASIE;8796;94419155,75;1101;11819235;769,5;8259992,075;33
202007;INTL;MET_INTL;MÉTROPOLE;SUÈDE;EUROPE;29402;48674095,08;23420;39455709;598,2;921838,608;312
202007;INTL;MET_INTL;MÉTROPOLE;SUISSE;EUROPE;88055;40514406,93;85777;39697628;227,7;81677,893;2156
202007;INTL;MET_INTL;MÉTROPOLE;TAIWAN;ASIE;12512;122562556,04;940;9208240;1157,2;11335431,604;20
202007;INTL;MET_INTL;MÉTROPOLE;TCHÉQUIE;EUROPE;18443;16629270,1;16172;14691776;227,1;193749,41;280
202007;INTL;MET_INTL;MÉTROPOLE;THAÏLANDE;ASIE;6688;63263899,94;543;5135694;614,5;5812820,594;30
202007;INTL;MET_INTL;MÉTROPOLE;TUNISIE;AFRIQUE;172873;244344727,22;159935;226210754;1293,8;1813397,322;1751
202007;INTL;MET_INTL;MÉTROPOLE;TURQUIE;EUROPE;123080;267602578,65;77880;168626895;4520;9897568,365;885
202007;INTL;OM_INTL;OUTRE-MER;AFRIQUE_AUTRE;AFRIQUE;1371;1363878,14;84;95676;128,7;126820,214;71
202007;INTL;OM_INTL;OUTRE-MER;AMÉRIQUE_AUTRE;AMÉRIQUE;8265;24391168,54;5893;11116618;237,2;1327455,054;1065
202007;INTL;OM_INTL;OUTRE-MER;ASIE_AUTRE;ASIE;4699;32811860,06;3142;21940586;155,7;1087127,406;26
202007;INTL;OM_INTL;OUTRE-MER;EUROPE_AUTRE;EUROPE;1341;9699454,92;801;5593260;54;410619,492;21
202007;INTL;OM_INTL;OUTRE-MER;OCÉANIE_AUTRE;OCÉANIE;1515;2622934,41;223;347470;129,2;227546,441;33
202007;NAT;MET_OM;MÉTROPOLE;OUTRE-MER;(INTÉRIEUR);304056;2492336196,36;238001;1931646398;6605,5;56068979,836;918
202007;NAT;MET_RAD;PARIS;PROVINCE;(INTÉRIEUR);719701;496273536,93;671328;469523129;4837,2;2675040,793;5882
202007;NAT;MET_TRA;PROVINCE;PROVINCE;(INTÉRIEUR);618514;400519233,27;599615;392821923;1889,8;769731,027;9444
202007;NAT;OM_OM;OUTRE-MER;OUTRE-MER;(INTÉRIEUR);136709;47866645,05;131617;44495755;509,2;337089,005;5970
202008;INTL;MET_INTL;MÉTROPOLE;AFRIQUE DU SUD;AFRIQUE;13479;118114035,94;723;6375316;1275,6;11173871,994;41
202008;INTL;MET_INTL;MÉTROPOLE;AFRIQUE_AUTRE;AFRIQUE;45812;231593628,86;27676;143000728;1813,6;8859290,086;361
202008;INTL;MET_INTL;MÉTROPOLE;ALBANIE;EUROPE;5398;7561541,5;5220;7278936;17,8;28260,55;46
202008;INTL;MET_INTL;MÉTROPOLE;ALGÉRIE;AFRIQUE;24580;33276021,48;17810;24138568;677;913745,348;225
202008;INTL;MET_INTL;MÉTROPOLE;ALLEMAGNE;EUROPE;420078;274076920,9;192198;136847139;22788;13722978,19;3743
202008;INTL;MET_INTL;MÉTROPOLE;AMÉRIQUE_AUTRE;AMÉRIQUE;16119;151856814,79;7199;68495488;892;8336132,679;63
202008;INTL;MET_INTL;MÉTROPOLE;ASIE_AUTRE;ASIE;15536;96615275,36;8271;47343516;726,5;4927175,936;95
202008;INTL;MET_INTL;MÉTROPOLE;AUTRICHE;EUROPE;51135;49041189,93;46335;44064067;480;497712,293;697
202008;INTL;MET_INTL;MÉTROPOLE;BELGIQUE;EUROPE;135938;90368138,33;88815;71407375;4712,3;1896076,333;1371
202008;INTL;MET_INTL;MÉTROPOLE;BENIN;AFRIQUE;6129;29104345,36;5226;24813008;90,3;429133,736;42
202008;INTL;MET_INTL;MÉTROPOLE;BRÉSIL;AMÉRIQUE;21272;198645478,6;8222;76790595;1305;12185488,36;73
202008;INTL;MET_INTL;MÉTROPOLE;BULGARIE;EUROPE;21377;34823868,6;21031;34215239;34,6;60862,96;201
202008;INTL;MET_INTL;MÉTROPOLE;BURKINA FASO;AFRIQUE;5602;22598125,3;2923;11976216;267,9;1062190,93;36
202008;INTL;MET_INTL;MÉTROPOLE;CAMEROUN;AFRIQUE;10125;51393690,4;5939;30189118;418,6;2120457,24;93
202008;INTL;MET_INTL;MÉTROPOLE;CANADA;AMÉRIQUE;61869;354507386,18;38575;221028751;2329,4;13347863,518;435
202008;INTL;MET_INTL;MÉTROPOLE;CHINE;ASIE;92910;821917294,71;10200;93070001;8271;72884729,371;228
202008;INTL;MET_INTL;MÉTROPOLE;CHYPRE;EUROPE;5871;16755958,8;5474;15586467;39,7;116949,18;78
202008;INTL;MET_INTL;MÉTROPOLE;CORÉE DU SUD;ASIE;29784;266178982,41;5840;52192080;2394,4;21398690,241;98
202008;INTL;MET_INTL;MÉTROPOLE;"CÔTE D'IVOIRE";AFRIQUE;33339;162855432,03;24033;117634458;930,6;4522097,403;147
202008;INTL;MET_INTL;MÉTROPOLE;CROATIE;EUROPE;70046;79794947,2;68642;78278368;140,4;151657,92;748
202008;INTL;MET_INTL;MÉTROPOLE;DANEMARK;EUROPE;43082;46786368,65;34499;38160522;858,3;862584,665;437
202008;INTL;MET_INTL;MÉTROPOLE;EGYPTE;AFRIQUE;14101;45313864,8;10070;32364932;403,1;1294893,28;81
202008;INTL;MET_INTL;MÉTROPOLE;EMIRATS ARABES UNIS;ASIE;123658;648866262,92;25755;135102181;9790,3;51376408,192;303
202008;INTL;MET_INTL;MÉTROPOLE;ESPAGNE;EUROPE;589945;640298750,91;565701;616321923;2424,4;2397682,791;6299
202008;INTL;MET_INTL;MÉTROPOLE;ETATS-UNIS;AMÉRIQUE;311765;2124902636,51;48963;329710207;26280,2;179519242,951;1046
202008;INTL;MET_INTL;MÉTROPOLE;ETHIOPIE;AFRIQUE;25597;142635642,32;6899;38374350;1869,8;10426129,232;76
202008;INTL;MET_INTL;MÉTROPOLE;EUROPE_AUTRE;EUROPE;23260;41513948,48;21799;37868493;146;364545,548;1095
202008;INTL;MET_INTL;MÉTROPOLE;FINLANDE;EUROPE;9130;17442500,64;6902;13215313;222,8;422718,764;190
202008;INTL;MET_INTL;MÉTROPOLE;GRÈCE;EUROPE;332152;704704235,8;326615;692673608;553,7;1203062,78;2646
202008;INTL;MET_INTL;MÉTROPOLE;HONG KONG (CHINE);ASIE;21469;206100155;60;576635;2140,9;20552352;41
202008;INTL;MET_INTL;MÉTROPOLE;HONGRIE;EUROPE;39443;44542215,05;37164;41696431;227,9;284578,405;404
202008;INTL;MET_INTL;MÉTROPOLE;INDE;ASIE;56095;385168370,86;19036;132171656;3705,9;25299671,486;176
202008;INTL;MET_INTL;MÉTROPOLE;IRLANDE;EUROPE;32482;32175270,8;30336;30424237;214,6;175103,38;723
202008;INTL;MET_INTL;MÉTROPOLE;ISLANDE;EUROPE;9119;20485653,6;8219;18467400;90;201825,36;65
202008;INTL;MET_INTL;MÉTROPOLE;ISRAËL;ASIE;17063;56036298,24;11467;37635894;559,6;1840040,424;137
202008;INTL;MET_INTL;MÉTROPOLE;ITALIE;EUROPE;449937;450553123,23;418894;430044071;3104,3;2050905,223;5183
202008;INTL;MET_INTL;MÉTROPOLE;JAPON;ASIE;45918;445435960,92;9481;92044677;3643,7;35339128,392;147
202008;INTL;MET_INTL;MÉTROPOLE;KENYA;AFRIQUE;12718;82691330,66;1621;10539742;1109,7;7215158,866;54
202008;INTL;MET_INTL;MÉTROPOLE;KOSOVO;EUROPE;12252;14677797,6;12214;14632034;3,8;4576,36;127
202008;INTL;MET_INTL;MÉTROPOLE;LIBAN;ASIE;18478;58597673,84;13830;43762781;464,8;1483489,284;163
202008;INTL;MET_INTL;MÉTROPOLE;LITUANIE;EUROPE;6402;10895506,64;5719;9750564;68,3;114494,264;91
202008;INTL;MET_INTL;MÉTROPOLE;LUXEMBOURG;EUROPE;22703;16459562,22;22703;16459524;0;3,822;351
202008;INTL;MET_INTL;MÉTROPOLE;MACÉDOINE DU NORD;EUROPE;6597;9221244;6597;9221244;0;0;72
202008;INTL;MET_INTL;MÉTROPOLE;MADAGASCAR;AFRIQUE;7573;66192550,32;2738;23838512;483,5;4235403,832;31
202008;INTL;MET_INTL;MÉTROPOLE;MALI;AFRIQUE;13102;54535056,38;10441;43589177;266,1;1094587,938;49
202008;INTL;MET_INTL;MÉTROPOLE;MALTE;EUROPE;22894;33688907,61;19561;29635945;333,3;405296,261;259
202008;INTL;MET_INTL;MÉTROPOLE;MAROC;AFRIQUE;86724;155653373,34;75406;134089156;1131,8;2156421,734;957
202008;INTL;MET_INTL;MÉTROPOLE;MAURICE;AFRIQUE;12154;114945484,78;967;9144919;1118,7;10580056,578;38
202008;INTL;MET_INTL;MÉTROPOLE;MEXIQUE;AMÉRIQUE;44750;412349494,98;11069;101941109;3368,1;31040838,598;129
202008;INTL;MET_INTL;MÉTROPOLE;MOLDAVIE;EUROPE;5190;10237530;5190;10237530;0;0;47
202008;INTL;MET_INTL;MÉTROPOLE;NORVÈGE;EUROPE;11877;17402762,07;11467;16844580;41;55818,207;191
202008;INTL;MET_INTL;MÉTROPOLE;OCÉANIE_AUTRE;OCÉANIE;10;164190;10;164190;0;0;4
202008;INTL;MET_INTL;MÉTROPOLE;PAYS-BAS;EUROPE;162896;119637589,53;150787;114792228;1210,9;484536,153;1830
202008;INTL;MET_INTL;MÉTROPOLE;PAYS-BAS (CARAÏBES);AMÉRIQUE;5017;33850799,24;4539;30626273;47,8;322452,624;28
202008;INTL;MET_INTL;MÉTROPOLE;POLOGNE;EUROPE;56323;73347170,38;53419;69500308;290,4;384686,238;573
202008;INTL;MET_INTL;MÉTROPOLE;PORTUGAL;EUROPE;434025;574340498,04;432764;572553752;126;178674,604;3626
202008;INTL;MET_INTL;MÉTROPOLE;QATAR;ASIE;79248;390984532,05;10775;53648725;6847,2;33733580,705;271
202008;INTL;MET_INTL;MÉTROPOLE;ROUMANIE;EUROPE;60083;101187117,91;59931;100906444;15,2;28067,391;532
202008;INTL;MET_INTL;MÉTROPOLE;ROYAUME-UNI;EUROPE;374825;298227159,22;321532;275295560;5329,2;2293159,922;5561
202008;INTL;MET_INTL;MÉTROPOLE;RUSSIE (FÉD. DE);EUROPE;5168;12807552;4478;11108000;69;169955,2;267
202008;INTL;MET_INTL;MÉTROPOLE;SÉNÉGAL;AFRIQUE;26075;109482250,76;19366;81547980;670,9;2793427,076;117
202008;INTL;MET_INTL;MÉTROPOLE;SERBIE;EUROPE;18079;24347000,75;17381;23350655;69,8;99634,575;227
202008;INTL;MET_INTL;MÉTROPOLE;SINGAPOUR;ASIE;14658;157356528,45;1782;19129770;1287,6;13822675,845;54
202008;INTL;MET_INTL;MÉTROPOLE;SUÈDE;EUROPE;36322;57816435,09;30425;48732406;589,7;908402,909;402
202008;INTL;MET_INTL;MÉTROPOLE;SUISSE;EUROPE;142311;66180540,68;138867;64958478;344,3;122206,268;2517
202008;INTL;MET_INTL;MÉTROPOLE;TAIWAN;ASIE;12920;126576565;1597;15644212;1132,3;11093235,3;24
202008;INTL;MET_INTL;MÉTROPOLE;TCHÉQUIE;EUROPE;24525;21603720,15;22584;19947487;194,1;165623,315;336
202008;INTL;MET_INTL;MÉTROPOLE;THAÏLANDE;ASIE;13532;127981683,64;186;1759188;1334,6;12622249,564;42
202008;INTL;MET_INTL;MÉTROPOLE;TUNISIE;AFRIQUE;235108;337396177,73;222991;320206820;1211,7;1718935,773;2230
202008;INTL;MET_INTL;MÉTROPOLE;TURQUIE;EUROPE;170336;369882306,86;129880;281390248;4045,6;8849205,886;1220
202008;INTL;MET_INTL;MÉTROPOLE;UKRAINE;EUROPE;7169;14527364,98;6458;13084303;71,1;144306,198;104
202008;INTL;OM_INTL;OUTRE-MER;AFRIQUE_AUTRE;AFRIQUE;3023;2925979,9;881;1100400;214,2;182557,99;95
202008;INTL;OM_INTL;OUTRE-MER;AMÉRIQUE_AUTRE;AMÉRIQUE;5616;7680848,89;5106;5404518;51;227633,089;1095
202008;INTL;OM_INTL;OUTRE-MER;ASIE_AUTRE;ASIE;203;1587866;203;1587866;0;0;1
202008;INTL;OM_INTL;OUTRE-MER;ETATS-UNIS;AMÉRIQUE;8295;47862459,17;6698;37412262;159,7;1045019,717;335
202008;INTL;OM_INTL;OUTRE-MER;EUROPE_AUTRE;EUROPE;2445;17059047,9;2082;14522460;36,3;253658,79;36
202008;INTL;OM_INTL;OUTRE-MER;JAPON;ASIE;6097;42573814,74;4040;28211320;205,7;1436249,474;27
202008;INTL;OM_INTL;OUTRE-MER;OCÉANIE_AUTRE;OCÉANIE;1710;2874438,04;543;694446;116,7;217999,204;36
202008;NAT;MET_OM;MÉTROPOLE;OUTRE-MER;(INTÉRIEUR);389959;3186020923,3;317485;2568667779;7247,4;61735314,43;1186
202008;NAT;MET_RAD;PARIS;PROVINCE;(INTÉRIEUR);861156;599139125,91;823538;578147080;3761,8;2099204,591;7495
202008;NAT;MET_TRA;PROVINCE;PROVINCE;(INTÉRIEUR);855493;564684690,76;837261;557214357;1823,2;747033,376;10870
202008;NAT;OM_OM;OUTRE-MER;OUTRE-MER;(INTÉRIEUR);166558;57055234,48;161651;53832579;490,7;322265,548;6906
202009;INTL;MET_INTL;MÉTROPOLE;AFRIQUE_AUTRE;AFRIQUE;39825;236089885,08;23668;131976375;1615,7;10411351,008;310
202009;INTL;MET_INTL;MÉTROPOLE;ALGÉRIE;AFRIQUE;27843;37624940,2;14796;19821998;1304,7;1780294,22;196
202009;INTL;MET_INTL;MÉTROPOLE;ALLEMAGNE;EUROPE;363465;236840214,75;109734;78646824;25373,1;15819339,075;3720
202009;INTL;MET_INTL;MÉTROPOLE;AMÉRIQUE_AUTRE;AMÉRIQUE;18022;156330727,19;10783;88290596;723,9;6804013,119;92
202009;INTL;MET_INTL;MÉTROPOLE;ARGENTINE;AMÉRIQUE;5133;57035694,42;2758;30649654;237,5;2638604,042;20
202009;INTL;MET_INTL;MÉTROPOLE;ASIE_AUTRE;ASIE;13167;79895671,85;7271;42399125;589,6;3749654,685;88
202009;INTL;MET_INTL;MÉTROPOLE;AUTRICHE;EUROPE;32000;31136082,16;25221;24100557;677,9;703552,516;568
202009;INTL;MET_INTL;MÉTROPOLE;BELGIQUE;EUROPE;93787;53063353,66;40576;30918043;5321,1;2214531,066;1096
202009;INTL;MET_INTL;MÉTROPOLE;BENIN;AFRIQUE;6443;30590556,84;4997;23725756;144,6;686480,084;34
202009;INTL;MET_INTL;MÉTROPOLE;BRÉSIL;AMÉRIQUE;20549;191621951,52;8349;77968133;1220;11365381,852;72
202009;INTL;MET_INTL;MÉTROPOLE;BULGARIE;EUROPE;16073;26439875,92;15744;25861151;32,9;57872,492;172
202009;INTL;MET_INTL;MÉTROPOLE;BURKINA FASO;AFRIQUE;6479;26257771,66;4180;17129615;229,9;912815,666;38
202009;INTL;MET_INTL;MÉTROPOLE;CAMEROUN;AFRIQUE;10830;54991041,23;7779;39536847;305,1;1545419,423;85
202009;INTL;MET_INTL;MÉTROPOLE;CANADA;AMÉRIQUE;56919;326625439,9;31041;177987625;2587,8;14863781,49;391
202009;INTL;MET_INTL;MÉTROPOLE;CHINE;ASIE;78216;703249765,49;13963;125810611;6425,3;57743915,449;215
202009;INTL;MET_INTL;MÉTROPOLE;CONGO-BRAZZAVILLE (RÉP.);AFRIQUE;5450;33006606,1;4422;26783613;102,8;622299,31;60
202009;INTL;MET_INTL;MÉTROPOLE;CORÉE DU SUD;ASIE;28717;256644365,22;3895;34809615;2482,2;22183475,022;95
202009;INTL;MET_INTL;MÉTROPOLE;"CÔTE D'IVOIRE";AFRIQUE;31723;155306027,82;22691;111112113;903,2;4419391,482;151
202009;INTL;MET_INTL;MÉTROPOLE;CROATIE;EUROPE;24852;28884580,76;22256;26079329;259,6;280525,176;326
202009;INTL;MET_INTL;MÉTROPOLE;DANEMARK;EUROPE;29221;30513047,85;21050;22299637;817,1;821341,085;436
202009;INTL;MET_INTL;MÉTROPOLE;EGYPTE;AFRIQUE;16468;52924012,78;9843;31633609;662,5;2129040,378;95
202009;INTL;MET_INTL;MÉTROPOLE;EMIRATS ARABES UNIS;ASIE;133014;698101927,3;18052;94693533;11496,2;60340839,43;342
202009;INTL;MET_INTL;MÉTROPOLE;ESPAGNE;EUROPE;335054;363525697,46;307799;337633661;2725,5;2589203,646;3738
202009;INTL;MET_INTL;MÉTROPOLE;ETATS-UNIS;AMÉRIQUE;338047;2299704227;43523;297290726;29452,4;200241350,1;1248
202009;INTL;MET_INTL;MÉTROPOLE;ETHIOPIE;AFRIQUE;25864;144112932,64;9084;50608116;1678;9350481,664;76
202009;INTL;MET_INTL;MÉTROPOLE;EUROPE_AUTRE;EUROPE;43647;86816936,16;39993;77806365;365,4;901057,116;1250
202009;INTL;MET_INTL;MÉTROPOLE;FINLANDE;EUROPE;6662;12647649,94;4696;8916125;196,6;373152,494;171
202009;INTL;MET_INTL;MÉTROPOLE;GRÈCE;EUROPE;192724;412040887,22;188122;402080219;460,2;996066,822;1558
202009;INTL;MET_INTL;MÉTROPOLE;GUINÉE (CONAKRY);AFRIQUE;6428;29822811,2;5625;26100000;80,3;372281,12;48
202009;INTL;MET_INTL;MÉTROPOLE;HONG KONG (CHINE);ASIE;22288;213965532;82;787260;2220,6;21317827,2;36
202009;INTL;MET_INTL;MÉTROPOLE;HONGRIE;EUROPE;9348;10936801,43;7793;8996434;155,5;194036,743;214
202009;INTL;MET_INTL;MÉTROPOLE;INDE;ASIE;63687;436193089,84;16299;113485753;4738,8;32270733,684;198
202009;INTL;MET_INTL;MÉTROPOLE;IRLANDE;EUROPE;22737;21207938,62;19081;18244189;365,6;296374,962;511
202009;INTL;MET_INTL;MÉTROPOLE;ISRAËL;ASIE;17308;56880260,88;12730;41827764;457,8;1505249,688;140
202009;INTL;MET_INTL;MÉTROPOLE;ITALIE;EUROPE;306457;286456270,83;266330;260442516;4012,7;2601375,483;3902
202009;INTL;MET_INTL;MÉTROPOLE;JAPON;ASIE;37090;359670547,26;5604;54381394;3148,6;30528915,326;134
202009;INTL;MET_INTL;MÉTROPOLE;KENYA;AFRIQUE;11069;71979805,82;2234;14525468;883,5;5745433,782;54
202009;INTL;MET_INTL;MÉTROPOLE;KOSOVO;EUROPE;8592;10293479,56;8551;10244098;4,1;4938,156;87
202009;INTL;MET_INTL;MÉTROPOLE;LIBAN;ASIE;18252;57902123,83;13906;44033612;434,6;1386851,183;140
202009;INTL;MET_INTL;MÉTROPOLE;LUXEMBOURG;EUROPE;12957;9221095,65;12957;9221082;0;1,365;279
202009;INTL;MET_INTL;MÉTROPOLE;MALI;AFRIQUE;14269;59290357,18;10476;43737300;379,3;1555305,718;55
202009;INTL;MET_INTL;MÉTROPOLE;MALTE;EUROPE;16559;24255481,6;12948;19858893;361;439658,86;260
202009;INTL;MET_INTL;MÉTROPOLE;MAROC;AFRIQUE;91172;165312984,44;81087;145979625;1008,5;1933335,944;1070
202009;INTL;MET_INTL;MÉTROPOLE;MAURICE;AFRIQUE;6307;59635652,86;750;7092750;555,7;5254290,286;25
202009;INTL;MET_INTL;MÉTROPOLE;MEXIQUE;AMÉRIQUE;50108;462235902,25;8702;80137264;4140,6;38209863,825;122
202009;INTL;MET_INTL;MÉTROPOLE;PAYS-BAS;EUROPE;109520;74264446,85;95642;68725439;1387,7;553900,785;1975
202009;INTL;MET_INTL;MÉTROPOLE;POLOGNE;EUROPE;24357;31142009,06;21676;27602787;268,1;353922,206;393
202009;INTL;MET_INTL;MÉTROPOLE;PORTUGAL;EUROPE;271076;365843381,12;268776;362867781;230;297560,012;2289
202009;INTL;MET_INTL;MÉTROPOLE;QATAR;ASIE;81873;403235890,41;9308;46344534;7256,5;35689135,641;274
202009;INTL;MET_INTL;MÉTROPOLE;ROUMANIE;EUROPE;53409;90616976,19;53229;90283010;18;33396,619;444
202009;INTL;MET_INTL;MÉTROPOLE;ROYAUME-UNI;EUROPE;159175;107412931,65;106147;83520488;5302,8;2389244,365;3655
202009;INTL;MET_INTL;MÉTROPOLE;SÉNÉGAL;AFRIQUE;28171;118482150,05;20561;86365214;761;3211693,605;120
202009;INTL;MET_INTL;MÉTROPOLE;SERBIE;EUROPE;18381;23890534,25;18000;23348450;38,1;54208,425;183
202009;INTL;MET_INTL;MÉTROPOLE;SINGAPOUR;ASIE;14317;153690403,6;1604;17218925;1271,3;13647147,86;54
202009;INTL;MET_INTL;MÉTROPOLE;SUÈDE;EUROPE;31736;48941728,81;25359;39115908;637,7;982582,081;370
202009;INTL;MET_INTL;MÉTROPOLE;SUISSE;EUROPE;70614;31678988,38;67836;30756237;277,8;92275,138;1836
202009;INTL;MET_INTL;MÉTROPOLE;TAIWAN;ASIE;5517;54049919,8;1059;10373964;445,8;4367595,58;13
202009;INTL;MET_INTL;MÉTROPOLE;TCHÉQUIE;EUROPE;23593;21188841,78;21273;19211015;232;197782,678;385
202009;INTL;MET_INTL;MÉTROPOLE;THAÏLANDE;ASIE;7198;68099775,34;775;7329950;642,3;6076982,534;22
202009;INTL;MET_INTL;MÉTROPOLE;TOGO;AFRIQUE;6304;30071479;4039;19265998;226,5;1080548,1;50
202009;INTL;MET_INTL;MÉTROPOLE;TUNISIE;AFRIQUE;126539;179834608,96;112195;160609066;1434,4;1922554,296;1433
202009;INTL;MET_INTL;MÉTROPOLE;TURQUIE;EUROPE;148194;320523650,12;105482;227098111;4271,2;9342553,912;1038
202009;INTL;OM_INTL;OUTRE-MER;AFRIQUE_AUTRE;AFRIQUE;2109;1887105,68;1095;1089103;101,4;79800,268;87
202009;INTL;OM_INTL;OUTRE-MER;AMÉRIQUE_AUTRE;AMÉRIQUE;3031;4238940,46;2564;2117468;46,6;212147,246;701
202009;INTL;OM_INTL;OUTRE-MER;ASIE_AUTRE;ASIE;3284;22927702,88;1782;12443706;150,2;1048399,688;25
202009;INTL;OM_INTL;OUTRE-MER;ETATS-UNIS;AMÉRIQUE;8697;56049866,03;6876;44028587;182,1;1202127,903;154
202009;INTL;OM_INTL;OUTRE-MER;EUROPE_AUTRE;EUROPE;244;1703096;195;1361460;4,9;34163,6;4
202009;INTL;OM_INTL;OUTRE-MER;OCÉANIE_AUTRE;OCÉANIE;1429;2448563,82;338;415144;109,1;203341,982;33
202009;NAT;MET_OM;MÉTROPOLE;OUTRE-MER;(INTÉRIEUR);245466;2066485009,68;178193;1490632869;6727,3;57585214,068;777
202009;NAT;MET_RAD;PARIS;PROVINCE;(INTÉRIEUR);793860;518096118,25;738776;487798188;5508,3;3029793,025;8572
202009;NAT;MET_TRA;PROVINCE;PROVINCE;(INTÉRIEUR);651048;410625252,54;626349;400284514;2469,9;1034073,854;9627
202009;NAT;OM_OM;OUTRE-MER;OUTRE-MER;(INTÉRIEUR);117889;42068716,19;113075;39009735;481,4;305898,119;5629
202010;INTL;MET_INTL;MÉTROPOLE;AFRIQUE DU SUD;AFRIQUE;13981;122288895,8;824;7206404;1315,7;11508249,18;41
202010;INTL;MET_INTL;MÉTROPOLE;AFRIQUE_AUTRE;AFRIQUE;29290;140822940,66;18678;92007047;1061,2;4881589,366;247
202010;INTL;MET_INTL;MÉTROPOLE;ALGÉRIE;AFRIQUE;45626;61663687,63;12527;16917875;3309,9;4474581,263;221
202010;INTL;MET_INTL;MÉTROPOLE;ALLEMAGNE;EUROPE;298515;202655737,84;73630;51604323;22488,3;15105141,484;3007
202010;INTL;MET_INTL;MÉTROPOLE;AMÉRIQUE_AUTRE;AMÉRIQUE;16898;163575911,36;7980;75509665;891,8;8806624,636;75
202010;INTL;MET_INTL;MÉTROPOLE;ARABIE SAOUDITE;ASIE;5621;25882995,8;2445;11246619;317,6;1463637,68;31
202010;INTL;MET_INTL;MÉTROPOLE;ASIE_AUTRE;ASIE;9839;70749603,37;4754;30931616;508,5;3981798,737;79
202010;INTL;MET_INTL;MÉTROPOLE;AUTRICHE;EUROPE;20025;19384628,2;14924;13966026;510,1;541860,22;428
202010;INTL;MET_INTL;MÉTROPOLE;BELGIQUE;EUROPE;75607;41449600,83;30532;21367939;4507,5;2008166,183;978
202010;INTL;MET_INTL;MÉTROPOLE;BENIN;AFRIQUE;6818;32369060,16;5486;26047478;133,2;632158,216;38
202010;INTL;MET_INTL;MÉTROPOLE;BRÉSIL;AMÉRIQUE;23379;216085086,47;10474;96334883;1290,5;11975020,347;91
202010;INTL;MET_INTL;MÉTROPOLE;BULGARIE;EUROPE;14320;23195024,36;13974;22586026;34,6;60899,836;136
202010;INTL;MET_INTL;MÉTROPOLE;BURKINA FASO;AFRIQUE;7495;30194129,48;4841;19838283;265,4;1035584,648;47
202010;INTL;MET_INTL;MÉTROPOLE;CAMEROUN;AFRIQUE;11974;60796434,49;8528;43335588;344,6;1746084,649;87
202010;INTL;MET_INTL;MÉTROPOLE;CANADA;AMÉRIQUE;52558;303102217,48;22709;130575706;2984,9;17252651,148;334
202010;INTL;MET_INTL;MÉTROPOLE;CHINE;ASIE;76293;675793164,86;10826;96489166;6546,7;57930399,886;227
202010;INTL;MET_INTL;MÉTROPOLE;CONGO-BRAZZAVILLE (RÉP.);AFRIQUE;6570;39790960,15;5463;33087005;110,7;670395,515;55
202010;INTL;MET_INTL;MÉTROPOLE;CONGO-KINSHASA (RÉP. DÉM.);AFRIQUE;5429;32978600,78;3987;24217038;144,2;876156,278;39
202010;INTL;MET_INTL;MÉTROPOLE;CORÉE DU SUD;ASIE;30369;271406501,82;3201;28607337;2716,8;24279916,482;102
202010;INTL;MET_INTL;MÉTROPOLE;"CÔTE D'IVOIRE";AFRIQUE;30547;149561115,38;18852;92353430;1169,5;5720768,538;163
202010;INTL;MET_INTL;MÉTROPOLE;CROATIE;EUROPE;12650;14953636,22;10635;12771854;201,5;218178,222;180
202010;INTL;MET_INTL;MÉTROPOLE;DANEMARK;EUROPE;26580;28061295,39;18459;19800372;811,9;826092,339;339
202010;INTL;MET_INTL;MÉTROPOLE;DOMINICAINE (RÉP.);AMÉRIQUE;9411;67075725,3;7236;51613372;217,5;1546235,33;57
202010;INTL;MET_INTL;MÉTROPOLE;EGYPTE;AFRIQUE;23746;78075054,36;15219;50662077;852,7;2741297,736;139
202010;INTL;MET_INTL;MÉTROPOLE;EMIRATS ARABES UNIS;ASIE;149142;782237595,43;28786;150977301;12035,6;63126029,443;387
202010;INTL;MET_INTL;MÉTROPOLE;ESPAGNE;EUROPE;317056;366261749,08;293307;343913561;2374,8;2234818,808;3452
202010;INTL;MET_INTL;MÉTROPOLE;ETATS-UNIS;AMÉRIQUE;341183;2317082323,57;41175;281232459;30000,8;203584986,457;1292
202010;INTL;MET_INTL;MÉTROPOLE;ETHIOPIE;AFRIQUE;30375;168701252,46;13132;72859400;1724,3;9584185,246;81
202010;INTL;MET_INTL;MÉTROPOLE;EUROPE_AUTRE;EUROPE;32260;67103408,64;27760;56176541;450;1092686,764;839
202010;INTL;MET_INTL;MÉTROPOLE;GRÈCE;EUROPE;128071;276518559,88;123636;267089692;443,5;942886,788;1042
202010;INTL;MET_INTL;MÉTROPOLE;GUINÉE (CONAKRY);AFRIQUE;6012;27897675,2;5181;24039840;83,1;385783,52;55
202010;INTL;MET_INTL;MÉTROPOLE;HONG KONG (CHINE);ASIE;15190;145818240;0;0;1519;14581824;35
202010;INTL;MET_INTL;MÉTROPOLE;HONGRIE;EUROPE;6082;7208513,1;4617;5380102;146,5;182841,11;170
202010;INTL;MET_INTL;MÉTROPOLE;INDE;ASIE;64965;444741088,97;19524;135092231;4544,1;30964885,797;199
202010;INTL;MET_INTL;MÉTROPOLE;IRLANDE;EUROPE;16211;14164220,52;12936;11410394;327,5;275382,652;394
202010;INTL;MET_INTL;MÉTROPOLE;ISRAËL;ASIE;20300;66654406,68;11380;37326729;892;2932767,768;154
202010;INTL;MET_INTL;MÉTROPOLE;ITALIE;EUROPE;196331;183551735,08;165227;164290662;3110,4;1926107,308;2716
202010;INTL;MET_INTL;MÉTROPOLE;JAPON;ASIE;59499;577548713,68;6003;58274686;5349,6;51927402,768;182
202010;INTL;MET_INTL;MÉTROPOLE;KENYA;AFRIQUE;13471;87583500,48;2948;19167896;1052,3;6841560,448;65
202010;INTL;MET_INTL;MÉTROPOLE;KOSOVO;EUROPE;39234;47002248,14;39129;46876542;10,5;12570,614;259
202010;INTL;MET_INTL;MÉTROPOLE;LIBAN;ASIE;21470;68262779,65;16023;50880924;544,7;1738185,565;129
202010;INTL;MET_INTL;MÉTROPOLE;LUXEMBOURG;EUROPE;6501;4097571,95;6501;4097531;0;4,095;198
202010;INTL;MET_INTL;MÉTROPOLE;MADAGASCAR;AFRIQUE;5861;51340709,7;2415;21150570;344,6;3019013,97;22
202010;INTL;MET_INTL;MÉTROPOLE;MALI;AFRIQUE;14843;61697269,88;11468;47878900;337,5;1381836,988;56
202010;INTL;MET_INTL;MÉTROPOLE;MALTE;EUROPE;17664;26077122,47;13403;20748454;426,1;532866,847;255
202010;INTL;MET_INTL;MÉTROPOLE;MAROC;AFRIQUE;148325;269778627,19;137787;249612155;1053,8;2016647,219;1466
202010;INTL;MET_INTL;MÉTROPOLE;MAURICE;AFRIQUE;11476;108526924,31;2409;22781913;906,7;8574501,131;33
202010;INTL;MET_INTL;MÉTROPOLE;MEXIQUE;AMÉRIQUE;63613;583222038,17;12749;113919053;5086,4;46930298,517;156
202010;INTL;MET_INTL;MÉTROPOLE;PAYS-BAS;EUROPE;97110;63319379,91;82349;57318995;1476,1;600038,491;1613
202010;INTL;MET_INTL;MÉTROPOLE;PAYS-BAS (CARAÏBES);AMÉRIQUE;5632;37996607,61;4698;31697406;93,4;629920,161;36
202010;INTL;MET_INTL;MÉTROPOLE;POLOGNE;EUROPE;21234;27365145,58;19148;24617888;208,6;274725,758;351
202010;INTL;MET_INTL;MÉTROPOLE;PORTUGAL;EUROPE;266394;356918669,78;263470;353147795;292,4;377087,478;2326
202010;INTL;MET_INTL;MÉTROPOLE;QATAR;ASIE;84094;413188666,42;10668;53115978;7342,6;36007268,842;303
202010;INTL;MET_INTL;MÉTROPOLE;ROUMANIE;EUROPE;33077;55777126,59;32660;55013957;41,7;76316,959;405
202010;INTL;MET_INTL;MÉTROPOLE;ROYAUME-UNI;EUROPE;113854;65737934,88;67248;45882731;4660,6;1985520,388;2306
202010;INTL;MET_INTL;MÉTROPOLE;RUSSIE (FÉD. DE);EUROPE;5514;13952417,2;4519;11188121;99,5;276429,62;171
202010;INTL;MET_INTL;MÉTROPOLE;SÉNÉGAL;AFRIQUE;29817;125433098,94;21919;92102028;789,8;3333107,094;125
202010;INTL;MET_INTL;MÉTROPOLE;SERBIE;EUROPE;19892;25591609,5;19295;24743193;59,7;84841,65;190
202010;INTL;MET_INTL;MÉTROPOLE;SINGAPOUR;ASIE;13369;143521367,8;1286;13805210;1208,3;12971615,78;56
202010;INTL;MET_INTL;MÉTROPOLE;SUÈDE;EUROPE;27930;42692263,97;23031;35165558;489,9;752670,597;348
202010;INTL;MET_INTL;MÉTROPOLE;SUISSE;EUROPE;42685;19104625,97;40339;18383151;234,6;72147,497;1034
202010;INTL;MET_INTL;MÉTROPOLE;TAIWAN;ASIE;11421;111878254,76;891;8728236;1053;10315001,876;20
202010;INTL;MET_INTL;MÉTROPOLE;TCHÉQUIE;EUROPE;16252;14642363,41;14531;13174763;172,1;146760,041;336
202010;INTL;MET_INTL;MÉTROPOLE;THAÏLANDE;ASIE;13705;129622362,9;281;2657698;1342,4;12696466,49;29
202010;INTL;MET_INTL;MÉTROPOLE;TOGO;AFRIQUE;7569;36101327,1;4437;21164406;313,2;1493692,11;56
202010;INTL;MET_INTL;MÉTROPOLE;TUNISIE;AFRIQUE;122139;175682849,76;108536;157876279;1360,3;1780657,076;1230
202010;INTL;MET_INTL;MÉTROPOLE;TURQUIE;EUROPE;178504;384974613,52;130199;278930917;4830,5;10604369,652;1123
202010;INTL;MET_INTL;MÉTROPOLE;UKRAINE;EUROPE;6106;12418564,78;4979;10123867;112,7;229469,778;77
202010;INTL;OM_INTL;OUTRE-MER;AFRIQUE_AUTRE;AFRIQUE;3588;4192631,66;2345;2684211;124,3;150842,066;102
202010;INTL;OM_INTL;OUTRE-MER;AMÉRIQUE_AUTRE;AMÉRIQUE;4905;5686168,38;4329;3242850;57,5;244331,838;949
202010;INTL;OM_INTL;OUTRE-MER;ASIE_AUTRE;ASIE;3825;26703201,49;1914;13365462;191,1;1333773,949;28
202010;INTL;OM_INTL;OUTRE-MER;ETATS-UNIS;AMÉRIQUE;10763;66519300,46;8803;53743518;196;1277578,246;336
202010;INTL;OM_INTL;OUTRE-MER;OCÉANIE_AUTRE;OCÉANIE;1684;2750939,69;549;636532;113,5;211440,769;44
202010;NAT;MET_OM;MÉTROPOLE;OUTRE-MER;(INTÉRIEUR);307143;2591107962,85;231109;1933720722;7603,4;65738724,085;983
202010;NAT;MET_RAD;PARIS;PROVINCE;(INTÉRIEUR);714322;456645856,11;657738;425192091;5658,4;3145376,511;7459
202010;NAT;MET_TRA;PROVINCE;PROVINCE;(INTÉRIEUR);532981;318740232,59;509887;309111405;2309,4;962882,759;8409
202010;NAT;OM_OM;OUTRE-MER;OUTRE-MER;(INTÉRIEUR);138830;56388402,68;133650;52411674;517,9;397672,868;5935
202011;INTL;MET_INTL;MÉTROPOLE;AFRIQUE DU SUD;AFRIQUE;10396;90920655,66;412;3603128;998,4;8731752,766;25
202011;INTL;MET_INTL;MÉTROPOLE;AFRIQUE_AUTRE;AFRIQUE;39170;212754024,05;25142;135574846;1402,8;7717917,805;410
202011;INTL;MET_INTL;MÉTROPOLE;ALGÉRIE;AFRIQUE;31354;42262477,38;5700;7773663;2565,4;3448881,438;198
202011;INTL;MET_INTL;MÉTROPOLE;ALLEMAGNE;EUROPE;226182;148054628,09;26032;17509258;20015;13054537,009;2073
202011;INTL;MET_INTL;MÉTROPOLE;AMÉRIQUE_AUTRE;AMÉRIQUE;19048;189388457,22;7370;70738256;1167,8;11865020,122;94
202011;INTL;MET_INTL;MÉTROPOLE;ARABIE SAOUDITE;ASIE;5859;26955105,84;1459;6711310;440;2024379,584;30
202011;INTL;MET_INTL;MÉTROPOLE;ASIE_AUTRE;ASIE;6499;50386207,37;2930;19053084;356,8;3133312,337;71
202011;INTL;MET_INTL;MÉTROPOLE;AUTRICHE;EUROPE;12748;12973032,77;4785;4590879;796,3;838215,377;219
202011;INTL;MET_INTL;MÉTROPOLE;BELGIQUE;EUROPE;61709;29259558,44;13768;8686865;4794,1;2057269,344;766
202011;INTL;MET_INTL;MÉTROPOLE;BENIN;AFRIQUE;6096;28941933,8;4698;22306129;139,8;663580,48;36
202011;INTL;MET_INTL;MÉTROPOLE;BRÉSIL;AMÉRIQUE;24868;231057452,57;9259;85699674;1560,9;14535777,857;90
202011;INTL;MET_INTL;MÉTROPOLE;BULGARIE;EUROPE;5091;8294356,24;4836;7845628;25,5;44872,824;61
202011;INTL;MET_INTL;MÉTROPOLE;BURKINA FASO;AFRIQUE;5722;23451005,9;3961;16232174;176,1;721883,19;43
202011;INTL;MET_INTL;MÉTROPOLE;CAMEROUN;AFRIQUE;10950;55624578,64;8180;41574177;277;1405040,164;84
202011;INTL;MET_INTL;MÉTROPOLE;CANADA;AMÉRIQUE;41324;235877409,39;14536;82816695;2678,7;15306071,439;228
202011;INTL;MET_INTL;MÉTROPOLE;CHINE;ASIE;86935;783744449,73;5993;53015018;8094,1;73072943,173;257
202011;INTL;MET_INTL;MÉTROPOLE;CORÉE DU SUD;ASIE;36935;330097389,48;2058;18392346;3487,7;31170504,348;112
202011;INTL;MET_INTL;MÉTROPOLE;"CÔTE D'IVOIRE";AFRIQUE;18707;91631982,38;10761;52732925;794,6;3889905,738;116
202011;INTL;MET_INTL;MÉTROPOLE;DANEMARK;EUROPE;15630;15840609,08;5743;5905395;988,7;993521,408;162
202011;INTL;MET_INTL;MÉTROPOLE;DOMINICAINE (RÉP.);AMÉRIQUE;7147;51179040,39;4328;30923412;281,9;2025562,839;31
202011;INTL;MET_INTL;MÉTROPOLE;EGYPTE;AFRIQUE;22536;72431110,36;8740;28089995;1379,6;4434111,536;107
202011;INTL;MET_INTL;MÉTROPOLE;EMIRATS ARABES UNIS;ASIE;144239;756509950,39;22265;116778105;12197,4;63973184,539;359
202011;INTL;MET_INTL;MÉTROPOLE;ESPAGNE;EUROPE;111788;122556429,41;85228;97072525;2656;2548390,441;1694
202011;INTL;MET_INTL;MÉTROPOLE;ETATS-UNIS;AMÉRIQUE;311435;2124830552,91;30892;209529019;28054,3;191530153,391;973
202011;INTL;MET_INTL;MÉTROPOLE;ETHIOPIE;AFRIQUE;26660;148121848,02;8967;49714918;1769,3;9840693,002;76
202011;INTL;MET_INTL;MÉTROPOLE;EUROPE_AUTRE;EUROPE;42448;74470094,44;30572;49338378;1187,6;2513171,644;1072
202011;INTL;MET_INTL;MÉTROPOLE;GRÈCE;EUROPE;13730;28984034,05;10113;21298595;361,7;768543,905;159
202011;INTL;MET_INTL;MÉTROPOLE;GUINÉE (CONAKRY);AFRIQUE;5393;25022596,4;4527;21005238;86,6;401735,84;58
202011;INTL;MET_INTL;MÉTROPOLE;HONG KONG (CHINE);ASIE;25759;247294303;1;9727;2575,8;24728457,6;47
202011;INTL;MET_INTL;MÉTROPOLE;INDE;ASIE;60132;410542853,69;12666;87748692;4746,6;32279416,169;161
202011;INTL;MET_INTL;MÉTROPOLE;IRLANDE;EUROPE;8856;7182343,13;5697;4608014;315,9;257432,913;225
202011;INTL;MET_INTL;MÉTROPOLE;ISRAËL;ASIE;20616;67783006,28;8148;26788025;1246,8;4099498,128;128
202011;INTL;MET_INTL;MÉTROPOLE;ITALIE;EUROPE;70977;54377478,95;35271;32307871;3570,6;2206960,795;996
202011;INTL;MET_INTL;MÉTROPOLE;JAPON;ASIE;59165;574184897,94;4558;44253877;5460,7;52993102,094;169
202011;INTL;MET_INTL;MÉTROPOLE;KENYA;AFRIQUE;8388;54536965,44;1681;10929872;670,7;4360709,344;43
202011;INTL;MET_INTL;MÉTROPOLE;KOSOVO;EUROPE;21829;26151261,8;21770;26080460;5,9;7080,18;160
202011;INTL;MET_INTL;MÉTROPOLE;LIBAN;ASIE;15634;49880938,78;10732;34236806;490,2;1564413,278;129
202011;INTL;MET_INTL;MÉTROPOLE;MALI;AFRIQUE;14869;62077758,75;11816;49331609;305,3;1274614,975;64
202011;INTL;MET_INTL;MÉTROPOLE;MALTE;EUROPE;6285;9293023,91;3078;5018252;320,7;427477,191;161
202011;INTL;MET_INTL;MÉTROPOLE;MAROC;AFRIQUE;107040;190142558,74;103505;183403117;353,5;673944,174;1333
202011;INTL;MET_INTL;MÉTROPOLE;MAURICE;AFRIQUE;7732;73115376,95;1731;16370067;600,1;5674530,995;24
202011;INTL;MET_INTL;MÉTROPOLE;MEXIQUE;AMÉRIQUE;48433;443947176,41;8660;77603512;3977,3;36634366,441;137
202011;INTL;MET_INTL;MÉTROPOLE;MONGOLIE;ASIE;8644;60791358,72;0;0;864,4;6079135,872;16
202011;INTL;MET_INTL;MÉTROPOLE;PAYS-BAS;EUROPE;64350;36136690,32;49280;29911016;1507;622567,432;959
202011;INTL;MET_INTL;MÉTROPOLE;PAYS-BAS (CARAÏBES);AMÉRIQUE;5399;36429601,44;4287;28923429;111,2;750617,244;40
202011;INTL;MET_INTL;MÉTROPOLE;POLOGNE;EUROPE;9692;12620511,87;7333;9531288;235,9;308922,387;222
202011;INTL;MET_INTL;MÉTROPOLE;PORTUGAL;EUROPE;104991;139173167,53;102887;136499970;210,4;267319,753;1321
202011;INTL;MET_INTL;MÉTROPOLE;QATAR;ASIE;84255;413797609;7647;38071497;7660,8;37572611,2;284
202011;INTL;MET_INTL;MÉTROPOLE;ROUMANIE;EUROPE;9369;15942173,77;8951;15175133;41,8;76704,077;135
202011;INTL;MET_INTL;MÉTROPOLE;ROYAUME-UNI;EUROPE;75486;35849675,53;26770;14051868;4871,6;2179780,753;1133
202011;INTL;MET_INTL;MÉTROPOLE;RUSSIE (FÉD. DE);EUROPE;19186;53760681,37;4062;10050171;1512,4;4371051,037;165
202011;INTL;MET_INTL;MÉTROPOLE;SÉNÉGAL;AFRIQUE;29566;124531229,53;19260;81035027;1030,6;4349620,253;124
202011;INTL;MET_INTL;MÉTROPOLE;SERBIE;EUROPE;9136;11974497,2;8569;11166186;56,7;80831,12;99
202011;INTL;MET_INTL;MÉTROPOLE;SINGAPOUR;ASIE;10772;115648339,7;956;10262630;981,6;10538570,97;62
202011;INTL;MET_INTL;MÉTROPOLE;SUÈDE;EUROPE;14023;21405027,61;6799;10271768;722,4;1113325,961;171
202011;INTL;MET_INTL;MÉTROPOLE;SUISSE;EUROPE;12327;5106019,67;10148;4374865;217,9;73115,467;625
202011;INTL;MET_INTL;MÉTROPOLE;TAIWAN;ASIE;11310;110804221,32;536;5250656;1077,4;10555356,532;20
202011;INTL;MET_INTL;MÉTROPOLE;THAÏLANDE;ASIE;10646;100690813,8;38;359404;1060,8;10033140,98;17
202011;INTL;MET_INTL;MÉTROPOLE;TOGO;AFRIQUE;7615;36319710,1;4422;21090388;319,3;1522932,21;58
202011;INTL;MET_INTL;MÉTROPOLE;TUNISIE;AFRIQUE;55650;76093896,45;45116;63364164;1053,3;1272973,245;611
202011;INTL;MET_INTL;MÉTROPOLE;TURQUIE;EUROPE;96816;206366662,4;63026;132706573;3379;7366008,94;760
202011;INTL;OM_INTL;OUTRE-MER;AFRIQUE_AUTRE;AFRIQUE;3905;3844992,46;2119;2174029;178,6;167096,346;105
202011;INTL;OM_INTL;OUTRE-MER;AMÉRIQUE_AUTRE;AMÉRIQUE;1503;3737667;1019;1788494;48,4;194917,3;352
202011;INTL;OM_INTL;OUTRE-MER;ASIE_AUTRE;ASIE;3652;25500449,57;1666;11633678;198,6;1386677,157;28
202011;INTL;OM_INTL;OUTRE-MER;ETATS-UNIS;AMÉRIQUE;13476;70658159,7;11395;57367746;208,1;1329041,37;742
202011;INTL;OM_INTL;OUTRE-MER;OCÉANIE_AUTRE;OCÉANIE;1515;2658934,03;340;446153;117,5;221278,103;48
202011;INTL;OM_INTL;OUTRE-MER;PAYS-BAS (CARAÏBES);AMÉRIQUE;6122;202030,95;6122;202026;0;0,495;1363
202011;NAT;MET_OM;MÉTROPOLE;OUTRE-MER;(INTÉRIEUR);177160;1488436694,25;110256;907541576;6690,4;58089511,825;670
202011;NAT;MET_RAD;PARIS;PROVINCE;(INTÉRIEUR);253760;153378302,96;199268;123982246;5449,1;2939605,696;3209
202011;NAT;MET_TRA;PROVINCE;PROVINCE;(INTÉRIEUR);125174;63812305,3;99075;52598486;2609,9;1121381,93;3566
202011;NAT;OM_OM;OUTRE-MER;OUTRE-MER;(INTÉRIEUR);111057;45089775,95;106242;41776217;481,5;331355,895;5343
202012;INTL;MET_INTL;MÉTROPOLE;AFRIQUE DU SUD;AFRIQUE;18291;159991327,7;5035;44041670;1325,6;11594965,77;58
202012;INTL;MET_INTL;MÉTROPOLE;AFRIQUE_AUTRE;AFRIQUE;21632;108240734,14;15838;79050009;579,4;2919072,514;266
202012;INTL;MET_INTL;MÉTROPOLE;ALGÉRIE;AFRIQUE;44760;58175472,88;17399;21407250;2736,1;3676822,288;325
202012;INTL;MET_INTL;MÉTROPOLE;ALLEMAGNE;EUROPE;279020;185454523,99;44277;29920510;23474,3;15553401,399;2274
202012;INTL;MET_INTL;MÉTROPOLE;AMÉRIQUE_AUTRE;AMÉRIQUE;6706;55417562,74;4563;37337588;214,3;1807997,474;38
202012;INTL;MET_INTL;MÉTROPOLE;ARABIE SAOUDITE;ASIE;7946;36136143,28;3576;16177314;437;1995882,928;41
202012;INTL;MET_INTL;MÉTROPOLE;ARGENTINE;AMÉRIQUE;15101;167814745,88;3671;40795823;1143;12701892,288;37
202012;INTL;MET_INTL;MÉTROPOLE;ASIE_AUTRE;ASIE;9248;69898479,66;4961;34364362;428,7;3553411,766;85
202012;INTL;MET_INTL;MÉTROPOLE;AUTRICHE;EUROPE;13971;13799238,59;8859;8498990;511,2;530024,859;266
202012;INTL;MET_INTL;MÉTROPOLE;BELGIQUE;EUROPE;79907;42139415,67;28639;19589201;5126,8;2255021,467;971
202012;INTL;MET_INTL;MÉTROPOLE;BENIN;AFRIQUE;7707;36592938,44;5923;28122364;178,4;847057,444;37
202012;INTL;MET_INTL;MÉTROPOLE;BRÉSIL;AMÉRIQUE;39657;366722359,01;22064;203011317;1759,3;16371104,201;110
202012;INTL;MET_INTL;MÉTROPOLE;BULGARIE;EUROPE;8615;14399682,2;8143;13572255;47,2;82742,72;98
202012;INTL;MET_INTL;MÉTROPOLE;BURKINA FASO;AFRIQUE;9240;37368435,56;5387;22075841;385,3;1529259,456;52
202012;INTL;MET_INTL;MÉTROPOLE;CAMEROUN;AFRIQUE;14008;71197652,29;10280;52257836;372,8;1893981,629;81
202012;INTL;MET_INTL;MÉTROPOLE;CANADA;AMÉRIQUE;72331;415414173,9;34865;200101872;3746,6;21531230,19;297
202012;INTL;MET_INTL;MÉTROPOLE;CHILI;AMÉRIQUE;7259;84818390,32;3661;42782446;359,8;4203594,432;25
202012;INTL;MET_INTL;MÉTROPOLE;CHINE;ASIE;121762;1093083371,22;8727;78239557;11303,5;101484381,422;291
202012;INTL;MET_INTL;MÉTROPOLE;COLOMBIE;AMÉRIQUE;5999;51920566,05;3236;28007580;276,3;2391298,605;23
202012;INTL;MET_INTL;MÉTROPOLE;CONGO-BRAZZAVILLE (RÉP.);AFRIQUE;7478;45291521,55;5737;34745555;174,1;1054596,655;68
202012;INTL;MET_INTL;MÉTROPOLE;CONGO-KINSHASA (RÉP. DÉM.);AFRIQUE;5762;34999880,5;4039;24532860;172,3;1046702,05;54
202012;INTL;MET_INTL;MÉTROPOLE;CORÉE DU SUD;ASIE;27775;248211680,13;2714;24255018;2506,1;22395666,213;92
202012;INTL;MET_INTL;MÉTROPOLE;"CÔTE D'IVOIRE";AFRIQUE;33237;162767266,33;21864;107088184;1137,3;5567908,233;98
202012;INTL;MET_INTL;MÉTROPOLE;CUBA;AMÉRIQUE;5706;44210966,95;3860;29903420;184,6;1430754,695;17
202012;INTL;MET_INTL;MÉTROPOLE;DANEMARK;EUROPE;16867;17270627,35;10503;10875340;636,4;639528,735;202
202012;INTL;MET_INTL;MÉTROPOLE;DOMINICAINE (RÉP.);AMÉRIQUE;18093;128772864,61;14675;104250968;341,8;2452189,661;84
202012;INTL;MET_INTL;MÉTROPOLE;EGYPTE;AFRIQUE;41896;134642416,95;16416;52759374;2548;8188304,295;121
202012;INTL;MET_INTL;MÉTROPOLE;EMIRATS ARABES UNIS;ASIE;175819;922145971,18;52864;277269015;12295,5;64487695,618;417
202012;INTL;MET_INTL;MÉTROPOLE;ESPAGNE;EUROPE;196185;235054088,85;173692;213644327;2249,3;2140976,185;2454
202012;INTL;MET_INTL;MÉTROPOLE;ETATS-UNIS;AMÉRIQUE;324828;2214859710,26;60336;409267634;26449,2;180559207,626;992
202012;INTL;MET_INTL;MÉTROPOLE;ETHIOPIE;AFRIQUE;31155;173054728,46;16626;92220092;1452,9;8083463,646;77
202012;INTL;MET_INTL;MÉTROPOLE;EUROPE_AUTRE;EUROPE;40492;76733363,49;31497;55889435;899,5;2084392,849;803
202012;INTL;MET_INTL;MÉTROPOLE;GABON;AFRIQUE;5675;30899128,08;4680;25477884;99,5;542124,408;28
202012;INTL;MET_INTL;MÉTROPOLE;GRÈCE;EUROPE;11462;23759001,1;8482;17430842;298;632815,91;131
202012;INTL;MET_INTL;MÉTROPOLE;GUINÉE (CONAKRY);AFRIQUE;7017;32556107,4;6259;29041725;75,8;351438,24;61
202012;INTL;MET_INTL;MÉTROPOLE;HONG KONG (CHINE);ASIE;33766;324151488;0;0;3376,6;32415148,8;58
202012;INTL;MET_INTL;MÉTROPOLE;INDE;ASIE;62515;427856862,73;17864;124333634;4465,1;30352322,873;161
202012;INTL;MET_INTL;MÉTROPOLE;IRLANDE;EUROPE;19395;16203218,58;16977;14210466;241,8;199275,258;295
202012;INTL;MET_INTL;MÉTROPOLE;ISRAËL;ASIE;24945;81908434;11041;36197014;1390,4;4571142;135
202012;INTL;MET_INTL;MÉTROPOLE;ITALIE;EUROPE;86267;71717810,69;57376;53822391;2889;1789541,969;1305
202012;INTL;MET_INTL;MÉTROPOLE;JAPON;ASIE;62595;607786529,83;7047;68422773;5554,8;53936375,683;196
202012;INTL;MET_INTL;MÉTROPOLE;KENYA;AFRIQUE;14516;94381666,58;4141;26924782;1037,5;6745688,458;61
202012;INTL;MET_INTL;MÉTROPOLE;KOSOVO;EUROPE;38179;45738130,52;38159;45714482;2;2364,852;316
202012;INTL;MET_INTL;MÉTROPOLE;LIBAN;ASIE;25531;81328545,04;19804;63052284;572,7;1827626,104;165
202012;INTL;MET_INTL;MÉTROPOLE;LUXEMBOURG;EUROPE;9970;6257756,08;9969;6257494;0,1;26,208;212
202012;INTL;MET_INTL;MÉTROPOLE;MACÉDOINE DU NORD;EUROPE;6187;8177309;6187;8177309;0;0;49
202012;INTL;MET_INTL;MÉTROPOLE;MADAGASCAR;AFRIQUE;7368;64531308,66;2275;19924450;509,3;4460685,866;25
202012;INTL;MET_INTL;MÉTROPOLE;MALI;AFRIQUE;16000;66798497;13053;54496275;294,7;1230222,2;68
202012;INTL;MET_INTL;MÉTROPOLE;MALTE;EUROPE;8735;13057712,08;5929;9460805;280,6;359690,708;146
202012;INTL;MET_INTL;MÉTROPOLE;MAROC;AFRIQUE;231707;418922080,13;215833;388418639;1587,4;3050344,113;2012
202012;INTL;MET_INTL;MÉTROPOLE;MAURICE;AFRIQUE;12850;121515451,82;1948;18422236;1090,2;10309321,582;35
202012;INTL;MET_INTL;MÉTROPOLE;MEXIQUE;AMÉRIQUE;59955;547041561,81;20126;180363721;3982,9;36667784,081;154
202012;INTL;MET_INTL;MÉTROPOLE;MONGOLIE;ASIE;5404;37994599,2;0;0;540,4;3799459,92;10
202012;INTL;MET_INTL;MÉTROPOLE;NIGER;AFRIQUE;5012;19800776,82;2549;10077339;246,3;972343,782;48
202012;INTL;MET_INTL;MÉTROPOLE;NIGERIA;AFRIQUE;6791;31821580,32;4140;19373329;265,1;1244825,132;53
202012;INTL;MET_INTL;MÉTROPOLE;OCÉANIE_AUTRE;OCÉANIE;343;4737868;343;4737868;0;0;2
202012;INTL;MET_INTL;MÉTROPOLE;PANAMA;AMÉRIQUE;5565;48238082;3267;28324826;229,8;1991325,6;25
202012;INTL;MET_INTL;MÉTROPOLE;PAYS-BAS;EUROPE;96713;58191408,23;84167;53136272;1254,6;505513,623;1217
202012;INTL;MET_INTL;MÉTROPOLE;PAYS-BAS (CARAÏBES);AMÉRIQUE;10312;69579257,64;8306;56043966;200,6;1353529,164;59
202012;INTL;MET_INTL;MÉTROPOLE;PÉROU;AMÉRIQUE;6563;67522427,82;617;6347079;594,6;6117534,882;19
202012;INTL;MET_INTL;MÉTROPOLE;POLOGNE;EUROPE;19889;25903446,66;17531;22828963;235,7;307448,366;297
202012;INTL;MET_INTL;MÉTROPOLE;PORTUGAL;EUROPE;192766;255216088,95;190223;251992678;254,3;322341,095;1801
202012;INTL;MET_INTL;MÉTROPOLE;QATAR;ASIE;89893;441795003,01;13111;65279686;7678,2;37651531,701;308
202012;INTL;MET_INTL;MÉTROPOLE;ROUMANIE;EUROPE;27464;47015772,86;26995;46151333;46,9;86443,986;266
202012;INTL;MET_INTL;MÉTROPOLE;ROYAUME-UNI;EUROPE;116304;63246459,43;66726;41389076;4957,8;2185738,343;1841
202012;INTL;MET_INTL;MÉTROPOLE;RUSSIE (FÉD. DE);EUROPE;27002;68425427,11;8778;21834853;1822,4;4659057,411;235
202012;INTL;MET_INTL;MÉTROPOLE;SÉNÉGAL;AFRIQUE;38268;161047401,29;25984;109203709;1228,4;5184369,229;130
202012;INTL;MET_INTL;MÉTROPOLE;SERBIE;EUROPE;9342;12611200,75;8748;11763796;59,4;84740,475;121
202012;INTL;MET_INTL;MÉTROPOLE;SINGAPOUR;ASIE;13469;144592398,75;1446;15522810;1202,3;12906958,875;71
202012;INTL;MET_INTL;MÉTROPOLE;SUÈDE;EUROPE;20647;31465659,73;14897;22606461;575;885919,873;239
202012;INTL;MET_INTL;MÉTROPOLE;SUISSE;EUROPE;40913;18654640,43;39250;17952921;166,3;70171,943;1191
202012;INTL;MET_INTL;MÉTROPOLE;TAIWAN;ASIE;6528;63946916,56;577;5652292;595,1;5829462,456;12
202012;INTL;MET_INTL;MÉTROPOLE;TCHÉQUIE;EUROPE;9176;8370003,28;7404;6858940;177,2;151106,328;181
202012;INTL;MET_INTL;MÉTROPOLE;THAÏLANDE;ASIE;19726;186558104,2;143;1352494;1958,3;18520561,02;37
202012;INTL;MET_INTL;MÉTROPOLE;TOGO;AFRIQUE;9728;46402655,4;5533;26392410;419,5;2001024,54;56
202012;INTL;MET_INTL;MÉTROPOLE;TUNISIE;AFRIQUE;113082;156501510,06;99454;138938723;1362,8;1756278,706;1055
202012;INTL;MET_INTL;MÉTROPOLE;TURQUIE;EUROPE;120261;256425160,61;85225;179937241;3503,6;7648791,961;771
202012;INTL;MET_INTL;MÉTROPOLE;UKRAINE;EUROPE;5004;10141743,16;4107;8315740;89,7;182600,316;57
202012;INTL;OM_INTL;OUTRE-MER;AFRIQUE_AUTRE;AFRIQUE;5821;5171357,71;4042;3575127;177,9;159623,071;168
202012;INTL;OM_INTL;OUTRE-MER;AMÉRIQUE_AUTRE;AMÉRIQUE;2560;4652992,79;1791;1167511;76,9;348548,179;594
202012;INTL;OM_INTL;OUTRE-MER;ASIE_AUTRE;ASIE;4027;28124451,48;2148;14999484;187,9;1312496,748;34
202012;INTL;OM_INTL;OUTRE-MER;ETATS-UNIS;AMÉRIQUE;12231;64432828,75;10055;50754061;217,6;1367876,775;710
202012;INTL;OM_INTL;OUTRE-MER;EUROPE_AUTRE;EUROPE;3062;21398626,35;2646;18491655;41,6;290697,135;20
202012;INTL;OM_INTL;OUTRE-MER;OCÉANIE_AUTRE;OCÉANIE;2441;4668930,36;720;786695;172,1;388223,536;42
202012;INTL;OM_INTL;OUTRE-MER;PAYS-BAS (CARAÏBES);AMÉRIQUE;8346;290089,19;8331;289613;1,5;47,619;1725
202012;NAT;MET_OM;MÉTROPOLE;OUTRE-MER;(INTÉRIEUR);409758;3310532876,57;298367;2355861773;11139,1;95467110,357;1149
202012;NAT;MET_RAD;PARIS;PROVINCE;(INTÉRIEUR);494211;308528994,21;439448;278546669;5476,3;2998232,521;4859
202012;NAT;MET_TRA;PROVINCE;PROVINCE;(INTÉRIEUR);371159;218131628,88;344594;206573672;2656,5;1155795,688;5900
202012;NAT;OM_OM;OUTRE-MER;OUTRE-MER;(INTÉRIEUR);163992;79672570,98;156893;74438470;709,8;523410,098;6979
